Course Code,Course Name
AAAA 100
ACCT 351
ACCT 352
ACCT 354
ACCT 361
ACCT 362
ACCT 385
ACCT 401
ACCT 434
ACCT 451
ACCT 452
ACCT 453
ACCT 455
ACCT 463
ACCT 475
ACCT 486
ACCT 604
ACCT 605
ACCT 618
ACCT 623
ACCT 626
ACCT 645
ACCT 645D1
ACCT 645D2
ACCT 653
ACCT 654
ACCT 663
ACCT 664
ACCT 683
ACCT 687
ACCT 689
ACCT 690
ACCT 695
ACCT 696
ACCT 699
ACCT 705
ACCT 706
ACCT 707
ACCT 710
AEBI 120
AEBI 122
AEBI 210
AEBI 211
AEBI 212
AEBI 421
AEBI 423
AEBI 425
AEBI 427
AEBI 665
AECH 110
AECH 111
AECH 118
AECH 119
AEHM 205
AEIS 230
AEMA 101
AEMA 102
AEMA 105
AEMA 202
AEMA 204
AEMA 305
AEMA 310
AEMA 403
AEMA 411
AEMA 414
AEMA 610
AEMA 611
AEMA 614
AEPH 112
AEPH 113
AEPH 114
AEPH 115
AEPH 120
AEPH 122
AERO 401
AERO 410
AERO 420
AERO 460D1
AERO 460D2
AFRI 200
AFRI 401
AFRI 480
AFRI 481
AFRI 499
AFRI 598
AFYR 101
AFYR 102AA
AGEC 200
AGEC 201
AGEC 231
AGEC 320
AGEC 330
AGEC 332
AGEC 333
AGEC 425
AGEC 430
AGEC 442
AGEC 450
AGEC 491
AGEC 633
AGEC 685
AGEC 690
AGEC 691
AGEC 692
AGEC 693
AGEC 694
AGEC 695
AGRI 120
AGRI 195
AGRI 196
AGRI 215
AGRI 310
AGRI 325
AGRI 330
AGRI 340
AGRI 401
AGRI 402
AGRI 405
AGRI 406
AGRI 410
AGRI 410D1
AGRI 410D2
AGRI 411
AGRI 430
AGRI 435
AGRI 452
AGRI 490
AGRI 493
AGRI 498
AGRI 499
AGRI 510
AGRI 519
AGRI 550
ANAE 301
ANAT 212
ANAT 214
ANAT 261
ANAT 262
ANAT 314
ANAT 315
ANAT 316
ANAT 321
ANAT 322
ANAT 323
ANAT 365
ANAT 381
ANAT 396
ANAT 416
ANAT 432
ANAT 432D1
ANAT 432D2
ANAT 458
ANAT 499
ANAT 514
ANAT 541
ANAT 542
ANAT 565
ANAT 601
ANAT 690D1
ANAT 690D2
ANAT 695
ANAT 696
ANAT 697
ANAT 698
ANAT 698D1
ANAT 698D2
ANAT 701
ANAT 701D1
ANAT 701D2
ANSC 234
ANSC 250
ANSC 251
ANSC 301
ANSC 303
ANSC 312
ANSC 323
ANSC 324
ANSC 326
ANSC 350
ANSC 400
ANSC 420
ANSC 424
ANSC 433
ANSC 455
ANSC 458
ANSC 514
ANSC 530
ANSC 551
ANSC 552
ANSC 555
ANSC 560
ANSC 600
ANSC 604
ANSC 608
ANSC 611
ANSC 636
ANSC 643
ANSC 644
ANSC 645
ANSC 646
ANSC 647
ANSC 680
ANSC 681
ANSC 682
ANSC 683
ANSC 691
ANSC 692
ANSC 695
ANSC 696
ANSC 697
ANSC 701
ANSC 797
ANSC 798
ANTH 199
ANTH 201
ANTH 202
ANTH 203
ANTH 204
ANTH 206
ANTH 207
ANTH 209
ANTH 210
ANTH 212
ANTH 213
ANTH 214
ANTH 222
ANTH 227
ANTH 302
ANTH 303
ANTH 304
ANTH 307
ANTH 308
ANTH 312
ANTH 313
ANTH 314
ANTH 315
ANTH 318
ANTH 319
ANTH 322
ANTH 325
ANTH 326
ANTH 327
ANTH 330
ANTH 331
ANTH 332
ANTH 338
ANTH 339
ANTH 340
ANTH 343
ANTH 344
ANTH 352
ANTH 355
ANTH 357
ANTH 358
ANTH 359
ANTH 361
ANTH 365
ANTH 370
ANTH 380
ANTH 381
ANTH 385
ANTH 402
ANTH 403
ANTH 405
ANTH 407
ANTH 408
ANTH 410
ANTH 412
ANTH 413
ANTH 415
ANTH 416
ANTH 418
ANTH 419
ANTH 420
ANTH 423
ANTH 428
ANTH 432
ANTH 436
ANTH 437
ANTH 438
ANTH 440
ANTH 450
ANTH 451
ANTH 480
ANTH 481
ANTH 490
ANTH 490D1
ANTH 490D2
ANTH 490N1
ANTH 490N2
ANTH 491
ANTH 499
ANTH 500
ANTH 501
ANTH 502
ANTH 503
ANTH 504
ANTH 505
ANTH 510
ANTH 511
ANTH 512
ANTH 513
ANTH 515
ANTH 520
ANTH 521
ANTH 530
ANTH 540
ANTH 551
ANTH 555
ANTH 560
ANTH 575
ANTH 601
ANTH 602
ANTH 602D1
ANTH 602D2
ANTH 603
ANTH 605
ANTH 609D1
ANTH 609D2
ANTH 611
ANTH 615
ANTH 616
ANTH 632
ANTH 634
ANTH 640
ANTH 645
ANTH 648
ANTH 670
ANTH 685
ANTH 690
ANTH 691
ANTH 692
ANTH 694
ANTH 695
ANTH 699
ANTH 700
ANTH 701
ANTH 702
ANTH 780
ANTH 781
ANTH 790
ANTH 791
ANTH 792
ARCH 201
ARCH 202
ARCH 221
ARCH 240
ARCH 241
ARCH 250
ARCH 251
ARCH 303
ARCH 304
ARCH 325
ARCH 342
ARCH 354
ARCH 355
ARCH 375
ARCH 377
ARCH 378
ARCH 379
ARCH 383
ARCH 405
ARCH 406
ARCH 445
ARCH 447
ARCH 451
ARCH 461
ARCH 490
ARCH 491
ARCH 492
ARCH 500
ARCH 512
ARCH 514
ARCH 515
ARCH 517
ARCH 519
ARCH 520
ARCH 521
ARCH 523
ARCH 525
ARCH 528
ARCH 529
ARCH 531
ARCH 532
ARCH 533
ARCH 535
ARCH 536
ARCH 540
ARCH 541
ARCH 542
ARCH 543
ARCH 551
ARCH 562
ARCH 564
ARCH 566
ARCH 600
ARCH 602
ARCH 604
ARCH 622
ARCH 623
ARCH 626
ARCH 627
ARCH 628
ARCH 630J1
ARCH 630J2
ARCH 630J3
ARCH 632
ARCH 635
ARCH 641
ARCH 642
ARCH 651
ARCH 652
ARCH 653
ARCH 654
ARCH 670
ARCH 672
ARCH 673
ARCH 674
ARCH 675
ARCH 676
ARCH 677
ARCH 678
ARCH 680
ARCH 681
ARCH 683
ARCH 684
ARCH 685
ARCH 688
ARCH 689
ARCH 694
ARCH 695
ARCH 696
ARCH 700
ARCH 701
ARCH 702
ARCH 703
ARCH 711
ARCH 712
ARCH 721
ARCH 722
ARCH 723
ARTE 700
ARTH 199
ARTH 200
ARTH 202
ARTH 204
ARTH 205
ARTH 207
ARTH 209
ARTH 215
ARTH 223
ARTH 225
ARTH 226
ARTH 300
ARTH 302
ARTH 305
ARTH 310
ARTH 314
ARTH 315
ARTH 321
ARTH 323
ARTH 325
ARTH 326
ARTH 336
ARTH 339
ARTH 352
ARTH 353
ARTH 354
ARTH 357
ARTH 360
ARTH 368
ARTH 400
ARTH 401
ARTH 411
ARTH 420
ARTH 421
ARTH 422
ARTH 425
ARTH 430
ARTH 435
ARTH 440
ARTH 447
ARTH 473
ARTH 474
ARTH 490
ARTH 501
ARTH 502
ARTH 600
ARTH 618
ARTH 630
ARTH 645
ARTH 646
ARTH 647
ARTH 653
ARTH 654
ARTH 660
ARTH 661
ARTH 675
ARTH 678
ARTH 698
ARTH 699
ARTH 701
ARTH 701D1
ARTH 701D2
ARTH 701N1
ARTH 701N2
ARTH 714
ARTH 723
ARTH 724
ARTH 725
ARTH 731
ASPL 613
ASPL 614
ASPL 632
ASPL 633
ASPL 636
ASPL 637
ASPL 638
ASPL 639
ASPL 655
ASPL 656
ASPL 657
ASPL 690
ASPL 691
ASPL 692
ASPL 693
ASPL 701
ATOC 100
ATOC 181
ATOC 182
ATOC 183
ATOC 184
ATOC 185
ATOC 214
ATOC 215
ATOC 219
ATOC 309
ATOC 312
ATOC 315
ATOC 341
ATOC 357
ATOC 373
ATOC 396
ATOC 404
ATOC 473
ATOC 480
ATOC 512
ATOC 513
ATOC 515
ATOC 517
ATOC 519
ATOC 521
ATOC 525
ATOC 531
ATOC 540
ATOC 541
ATOC 546
ATOC 548
ATOC 551
ATOC 552
ATOC 555
ATOC 556
ATOC 557
ATOC 558
ATOC 568
ATOC 616
ATOC 626
ATOC 666
ATOC 669D1
ATOC 669D2
ATOC 670
ATOC 671
ATOC 672
ATOC 691
ATOC 692
ATOC 693
ATOC 694
ATOC 695
ATOC 699
ATOC 700
ATOC 701
ATOC 751
ATOC 751D1
ATOC 751D2
ATOC 752D1
ATOC 752D2
BASC 201
BASC 396
BASC 449
BASC 449D1
BASC 449D2
BASC 449N1
BASC 449N2
BBME 600D1
BBME 600D2
BBME 600N1
BBME 600N2
BBME 681
BBME 682
BBME 693
BBME 694
BBME 695
BBME 696
BBME 697
BBME 701
BIEN 200
BIEN 203
BIEN 210
BIEN 219
BIEN 220
BIEN 267
BIEN 290
BIEN 300
BIEN 310
BIEN 314
BIEN 320
BIEN 330
BIEN 340
BIEN 350
BIEN 360
BIEN 361
BIEN 390
BIEN 410
BIEN 420
BIEN 450
BIEN 462
BIEN 470
BIEN 470D1
BIEN 470D2
BIEN 470N1
BIEN 470N2
BIEN 471
BIEN 500
BIEN 505
BIEN 510
BIEN 514
BIEN 515
BIEN 520
BIEN 525
BIEN 530
BIEN 535
BIEN 540
BIEN 545
BIEN 550
BIEN 560
BIEN 570
BIEN 580
BIEN 585
BIEN 590
BIEN 595
BIEN 601
BIEN 602
BIEN 670
BIEN 675
BIEN 680
BIEN 685
BINF 511
BINF 531
BINF 621
BINF 660
BIOC 212
BIOC 220
BIOC 311
BIOC 312
BIOC 320
BIOC 396
BIOC 404
BIOC 450
BIOC 454
BIOC 458
BIOC 462
BIOC 470
BIOC 491
BIOC 503
BIOC 600
BIOC 603
BIOC 604
BIOC 605
BIOC 610
BIOC 611
BIOC 670
BIOC 694
BIOC 695
BIOC 696
BIOC 696D1
BIOC 696D2
BIOC 696N1
BIOC 696N2
BIOC 697
BIOC 698
BIOC 699
BIOC 701
BIOC 702
BIOC 703
BIOE 680
BIOE 681
BIOE 686
BIOE 687
BIOE 690
BIOE 691
BIOE 692
BIOE 692D1
BIOE 692D2
BIOE 693
BIOE 693D1
BIOE 693D2
BIOE 694
BIOL 101
BIOL 102
BIOL 111
BIOL 112
BIOL 115
BIOL 200
BIOL 201
BIOL 202
BIOL 205
BIOL 206
BIOL 210
BIOL 215
BIOL 216
BIOL 219
BIOL 240
BIOL 300
BIOL 301
BIOL 302
BIOL 303
BIOL 304
BIOL 305
BIOL 306
BIOL 307
BIOL 308
BIOL 309
BIOL 310
BIOL 311
BIOL 313
BIOL 314
BIOL 316
BIOL 319
BIOL 320
BIOL 324
BIOL 331
BIOL 334D1
BIOL 334D2
BIOL 335
BIOL 342
BIOL 343
BIOL 350
BIOL 352
BIOL 373
BIOL 377
BIOL 389
BIOL 395
BIOL 396
BIOL 413
BIOL 414
BIOL 416
BIOL 418
BIOL 427
BIOL 428
BIOL 429
BIOL 432
BIOL 435
BIOL 436
BIOL 438
BIOL 441
BIOL 451
BIOL 465
BIOL 466
BIOL 467
BIOL 468
BIOL 468D1
BIOL 468D2
BIOL 469
BIOL 469D1
BIOL 469D2
BIOL 479D1
BIOL 479D2
BIOL 480D1
BIOL 480D2
BIOL 499D1
BIOL 499D2
BIOL 506
BIOL 507
BIOL 510
BIOL 515
BIOL 517
BIOL 518
BIOL 520
BIOL 524
BIOL 530
BIOL 532
BIOL 540
BIOL 544
BIOL 546
BIOL 551
BIOL 553
BIOL 555D1
BIOL 555D2
BIOL 565
BIOL 568
BIOL 569
BIOL 573
BIOL 580
BIOL 585
BIOL 588
BIOL 592
BIOL 594
BIOL 596
BIOL 601
BIOL 602
BIOL 603
BIOL 610
BIOL 632
BIOL 640
BIOL 650
BIOL 651
BIOL 652
BIOL 655
BIOL 690
BIOL 697
BIOL 698
BIOL 699
BIOL 700
BIOL 702
BIOS 601
BIOS 602
BIOS 612
BIOS 624
BIOS 630
BIOS 630D1
BIOS 630D2
BIOS 631
BIOS 637
BIOS 640
BIOS 641
BIOS 642
BIOS 643
BIOS 644
BIOS 690
BIOS 691
BIOS 692
BIOS 693
BIOS 694
BIOS 695
BIOS 697
BIOS 701
BIOS 702
BIOS 702D1
BIOS 702D2
BIOT 302
BIOT 505
BMDE 501
BMDE 502
BMDE 503
BMDE 504
BMDE 505
BMDE 506
BMDE 507
BMDE 508
BMDE 512
BMDE 517
BMDE 519
BMDE 520
BMDE 521
BMDE 525
BMDE 525D1
BMDE 525D2
BMDE 558
BMDE 610
BMDE 650
BMDE 652
BMDE 653
BMDE 654
BMDE 655
BMDE 656
BMDE 657
BMDE 660
BPHY 601D1
BPHY 601D2
BPHY 602D1
BPHY 602D2
BPHY 603
BPHY 701
BREE 103
BREE 187
BREE 188
BREE 205
BREE 210
BREE 214
BREE 216
BREE 217
BREE 252
BREE 301
BREE 305
BREE 312
BREE 314
BREE 319
BREE 322
BREE 324
BREE 325
BREE 327
BREE 329
BREE 341
BREE 403
BREE 412
BREE 415
BREE 416
BREE 419
BREE 420
BREE 451
BREE 452
BREE 453
BREE 485
BREE 490
BREE 495
BREE 497
BREE 501
BREE 502
BREE 503
BREE 504
BREE 505
BREE 506
BREE 509
BREE 510
BREE 512
BREE 518
BREE 519
BREE 520
BREE 522
BREE 529
BREE 530
BREE 531
BREE 532
BREE 533
BREE 535
BREE 600
BREE 601
BREE 602
BREE 603
BREE 608
BREE 623
BREE 630
BREE 631
BREE 651
BREE 652
BREE 655
BREE 671
BREE 672
BREE 672D1
BREE 672D2
BREE 691
BREE 692
BREE 693
BREE 694
BREE 695
BREE 696
BREE 697
BREE 698
BREE 699
BREE 701
BREE 702
BREE 708
BREE 751
BREE 752
BREE 753
BREE 754
BTEC 306
BTEC 501
BTEC 502
BTEC 535
BTEC 555
BTEC 619
BTEC 620
BTEC 621
BTEC 622
BTEC 623
BTEC 624
BTEC 625
BTEC 650
BUS1 532
BUS2 365
BUS2 501
BUS2 502
BUS2 503
BUS2 504
BUS2 505
BUS2 506
BUS2 531
BUS2 561
BUSA 270
BUSA 300
BUSA 356
BUSA 364
BUSA 391
BUSA 394
BUSA 395
BUSA 396
BUSA 399
BUSA 400
BUSA 401
BUSA 410
BUSA 430
BUSA 432D1
BUSA 432D2
BUSA 433
BUSA 434
BUSA 434D1
BUSA 434D2
BUSA 435
BUSA 436
BUSA 437
BUSA 438
BUSA 451D1
BUSA 451D2
BUSA 465
BUSA 471
BUSA 481
BUSA 497
BUSA 498
BUSA 600
BUSA 611
BUSA 613
BUSA 620
BUSA 621
BUSA 642
BUSA 643
BUSA 644
BUSA 645
BUSA 646
BUSA 647D1
BUSA 647D2
BUSA 649
BUSA 650
BUSA 650D1
BUSA 650D2
BUSA 651
BUSA 651D1
BUSA 651D2
BUSA 652
BUSA 655
BUSA 658
BUSA 660
BUSA 663
BUSA 664
BUSA 665
BUSA 666
BUSA 667
BUSA 668
BUSA 670
BUSA 670D1
BUSA 670D2
BUSA 671
BUSA 672
BUSA 672D1
BUSA 672D2
BUSA 672J1
BUSA 672J2
BUSA 672J3
BUSA 675
BUSA 676
BUSA 677
BUSA 678
BUSA 680
BUSA 684
BUSA 685
BUSA 689
BUSA 690
BUSA 690D1
BUSA 690D2
BUSA 691
BUSA 692
BUSA 693D1
BUSA 693D2
BUSA 693N1
BUSA 693N2
BUSA 694
BUSA 695
BUSA 696
BUSA 697
BUSA 698
BUSA 699
CACC 220
CACC 520
CACC 523
CACC 523N1
CACC 523N2
CACC 621
CACF 210
CACF 215
CACF 305
CACF 310
CACF 325
CACF 340
CACF 341
CACF 345
CACF 350
CACF 420
CACF 440
CACF 445
CACF 450
CACF 460
CACF 470
CACF 490
CAFT 600
CAFT 601
CAFT 602
CAFT 603
CAFT 604
CAFT 605
CAFT 606
CAFT 607
CAFT 608
CAFT 609
CAFT 610
CAFT 611
CAFT 612
CAFT 613
CAFT 614
CAFT 614D1
CAFT 614D2
CANC 601
CANC 602
CANC 603
CANC 604
CANC 605
CANC 606
CANC 607
CANC 608
CANC 621D1
CANC 621D2
CANC 701
CANS 200
CANS 203
CANS 300
CANS 301
CANS 306
CANS 307
CANS 308
CANS 310
CANS 311
CANS 312
CANS 315
CANS 401
CANS 402
CANS 404
CANS 405
CANS 406
CANS 408
CANS 413
CANS 415
CANS 420
CANS 480
CANS 481
CANS 492
CANS 492D1
CANS 492D2
CANS 499
CATH 200
CATH 220
CATH 310
CATH 320
CATH 325
CATH 330
CATH 335
CATH 340
CATH 370
CATH 370AA
CATH 375
CATH 375AA
CATH 460
CBUS 217
CBUS 218
CBUS 219
CBUS 226
CBUS 237
CCAU 611
CCAU 612
CCCS 280
CCCS 300
CCCS 301
CCCS 310
CCCS 315
CCCS 321
CCCS 325
CCCS 330
CCCS 385
CCCS 400
CCCS 401
CCCS 402
CCCS 425
CCCS 431
CCCS 450
CCCS 451
CCCS 452
CCCS 453
CCCS 454
CCCS 455
CCCS 600
CCCS 610
CCCS 620
CCCS 630
CCCS 640
CCCS 650
CCCS 660
CCCS 670
CCCS 680
CCCS 685
CCCS 690
CCFA 505
CCFA 510
CCFA 523
CCFA 528
CCFA 530
CCFA 536
CCFA 538
CCFA 540
CCFA 542
CCFA 547
CCFA 548
CCFA 595
CCFA 600
CCFA 601
CCFA 605
CCFA 615
CCFA 620
CCFA 627
CCFA 629
CCFA 635
CCFA 639
CCFA 655
CCFA 660
CCFA 665
CCFA 670
CCFA 675
CCFA 680
CCFA 690
CCFC 516
CCFC 590
CCFC 611
CCFC 612
CCFC 613
CCLW 205
CCLW 300
CCLW 611
CCMA 523
CCMA 611
CCMA 622
CCOM 605
CCPA 601
CCPA 602
CCPA 621
CCPA 623
CCPA 631
CCPA 641
CCPA 642
CCTR 401
CCTR 500
CCTR 530
CCTR 531
CCTR 532
CCTR 534
CCTR 535
CCTR 536
CCTR 541
CCTR 544
CCTR 553
CCTR 554
CCTR 555
CCTR 556
CCTR 557
CCTR 558
CCTR 599
CCTR 600
CCTR 601
CCTR 602
CCTR 603
CCTR 605
CCTR 606
CCTR 642
CCTR 643
CCTR 645
CCTR 660
CCTX 611
CCTX 632
CEC2 532
CEC2 632
CEEN 102
CEEN 104
CEEN 106
CEEN 111
CEEN 112
CEEN 121
CEEN 122
CEEN 201
CEEN 202
CEEN 211
CEEN 212
CEEN 221
CEEN 222
CEEN 266
CEEN 267
CEEN 301
CEEN 302
CEEN 331
CEEN 332
CEEN 401
CEEN 402
CEEN 403
CEEN 404
CEEN 411
CEEN 412
CEEN 421
CEEN 422
CEFN 102
CEFN 104
CEFN 106
CEFN 107
CEFN 211
CEFN 212
CEFN 221
CEFN 222
CEFN 331
CEFN 332
CEFN 401
CEFN 402
CEFN 411
CEFN 412
CEFN 421
CEFN 422
CEGL 213
CEGL 223
CEGL 313
CEGL 323
CEGL 333
CEGL 355
CEGL 413
CEGL 423
CEN2 500
CEN2 506
CEN2 507
CEN2 510
CENG 225
CENT 305
CENT 306
CENT 307
CENT 308
CENT 309
CFIN 305
CFIN 350
CFIN 400
CFIN 420
CFIN 512
CFIN 515
CFIN 522
CFIN 540
CFIN 550
CFIN 560
CFIN 561
CFIN 590
CFIN 595
CFRN 203
CFRN 323
CFRN 333
CFRN 343
CFRN 355
CFRN 423
CGM2 590
CGM2 590D1
CGM2 590D2
CGM2 590N1
CGM2 590N2
CGM2 610
CGM2 620
CGM2 625
CGMG 210
CGMG 282
CGMG 305
CGMG 318
CGMG 319
CGMG 445
CHEE 200
CHEE 204
CHEE 220
CHEE 231
CHEE 291
CHEE 301
CHEE 310
CHEE 314
CHEE 315
CHEE 351
CHEE 370
CHEE 380
CHEE 390
CHEE 400
CHEE 401
CHEE 423
CHEE 440
CHEE 453
CHEE 455
CHEE 456
CHEE 456D1
CHEE 456D2
CHEE 474
CHEE 484
CHEE 491
CHEE 494
CHEE 494D1
CHEE 494D2
CHEE 495
CHEE 495D1
CHEE 495D2
CHEE 496
CHEE 496D1
CHEE 496D2
CHEE 511
CHEE 512
CHEE 515
CHEE 521
CHEE 541
CHEE 543
CHEE 563
CHEE 582
CHEE 584
CHEE 585
CHEE 591
CHEE 592
CHEE 593
CHEE 611
CHEE 621
CHEE 631
CHEE 641
CHEE 651
CHEE 662
CHEE 672
CHEE 681
CHEE 682
CHEE 687
CHEE 688
CHEE 690
CHEE 695
CHEE 696
CHEE 697
CHEE 698
CHEE 698N1
CHEE 698N2
CHEE 699
CHEE 795
CHEE 796
CHEE 797
CHEE 798
CHEM 110
CHEM 112
CHEM 120
CHEM 122
CHEM 180
CHEM 181
CHEM 183
CHEM 203
CHEM 204
CHEM 211
CHEM 212
CHEM 213
CHEM 214
CHEM 219
CHEM 222
CHEM 224
CHEM 233
CHEM 234
CHEM 242
CHEM 244
CHEM 252
CHEM 253
CHEM 267
CHEM 273
CHEM 281
CHEM 302
CHEM 332
CHEM 334
CHEM 345
CHEM 355
CHEM 362
CHEM 365
CHEM 367
CHEM 377
CHEM 381
CHEM 392
CHEM 392D1
CHEM 392D2
CHEM 396
CHEM 400
CHEM 429
CHEM 434
CHEM 462
CHEM 470
CHEM 470D1
CHEM 470D2
CHEM 480
CHEM 480D1
CHEM 480D2
CHEM 482
CHEM 493
CHEM 493D1
CHEM 493D2
CHEM 502
CHEM 503
CHEM 505
CHEM 512
CHEM 514
CHEM 516
CHEM 519
CHEM 520
CHEM 522
CHEM 531
CHEM 532
CHEM 533
CHEM 534
CHEM 540
CHEM 542
CHEM 552
CHEM 555
CHEM 556
CHEM 571
CHEM 572
CHEM 574
CHEM 575
CHEM 577
CHEM 582
CHEM 585
CHEM 591
CHEM 593
CHEM 603
CHEM 612
CHEM 621
CHEM 629
CHEM 634
CHEM 650
CHEM 651
CHEM 666
CHEM 667
CHEM 688
CHEM 691
CHEM 692
CHEM 693
CHEM 694
CHEM 695
CHEM 701
CHEM 702
CHLC 351
CHLC 401
CHLC 410
CHLC 415
CHLC 500
CHLC 502
CHLC 552
CHLC 620
CHLC 630
CHLC 690
CHSS 201
CHSS 202
CIAM 510
CIAM 520
CIAM 521
CIAM 522
CIAM 523
CIAM 524
CIAM 525
CIAM 526
CIAM 540
CIAM 550
CIAM 552
CINC 200
CIVE 202
CIVE 203
CIVE 205
CIVE 206
CIVE 207
CIVE 208
CIVE 210
CIVE 225
CIVE 281
CIVE 284
CIVE 290
CIVE 302
CIVE 311
CIVE 317
CIVE 318
CIVE 319
CIVE 320
CIVE 323
CIVE 324
CIVE 326
CIVE 327
CIVE 385
CIVE 388
CIVE 416
CIVE 418
CIVE 421
CIVE 428
CIVE 430
CIVE 432
CIVE 440
CIVE 446
CIVE 460
CIVE 462
CIVE 463
CIVE 470
CIVE 507
CIVE 512
CIVE 520
CIVE 521
CIVE 527
CIVE 528
CIVE 540
CIVE 542
CIVE 543
CIVE 545
CIVE 546
CIVE 550
CIVE 555
CIVE 557
CIVE 560
CIVE 561
CIVE 570
CIVE 572
CIVE 573
CIVE 574
CIVE 577
CIVE 584
CIVE 602
CIVE 603
CIVE 604
CIVE 605
CIVE 607
CIVE 609
CIVE 610
CIVE 612
CIVE 614
CIVE 615
CIVE 616
CIVE 617
CIVE 621
CIVE 622
CIVE 623
CIVE 625
CIVE 628
CIVE 629
CIVE 630
CIVE 631
CIVE 632
CIVE 633
CIVE 634
CIVE 635
CIVE 648
CIVE 650
CIVE 651
CIVE 652
CIVE 660
CIVE 661
CIVE 662
CIVE 663
CIVE 664
CIVE 677
CIVE 683
CIVE 686
CIVE 691
CIVE 692
CIVE 693
CIVE 694
CIVE 695
CIVE 696
CIVE 697
CIVE 701
CIVE 702
CLAS 199
CLAS 201
CLAS 203
CLAS 210
CLAS 212
CLAS 215
CLAS 220
CLAS 222
CLAS 225
CLAS 230D1
CLAS 230D2
CLAS 240
CLAS 301
CLAS 302
CLAS 303
CLAS 304
CLAS 305
CLAS 306
CLAS 308
CLAS 310
CLAS 312
CLAS 315
CLAS 320
CLAS 322
CLAS 326
CLAS 331
CLAS 332
CLAS 335
CLAS 336
CLAS 341
CLAS 342
CLAS 348
CLAS 349
CLAS 350
CLAS 400
CLAS 401
CLAS 402
CLAS 403
CLAS 404
CLAS 405
CLAS 406
CLAS 407
CLAS 408
CLAS 409
CLAS 410
CLAS 412
CLAS 420
CLAS 422
CLAS 429
CLAS 450
CLAS 461
CLAS 498
CLAS 499
CLAS 500
CLAS 609
CLAS 610
CLAS 612
CLAS 619
CLAS 620
CLAS 622
CLAS 649
CLAS 650
CLAS 678
CLAS 679
CLAS 681
CLAS 682
CLAS 683
CLAS 685
CLAS 695
CLAS 696
CLAS 697
CLAS 698
CLAS 699
CMDC 610
CMDC 614
CMDC 616
CMDC 618
CMDC 620
CMDC 622
CMDC 623
CMDC 642
CMDC 643
CMDC 645
CMDC 646
CMDC 647
CMDC 650
CMDC 652
CMDC 653
CMDC 694
CMDC 695
CMDC 696
CMDC 697
CMDC 698
CMDC 699
CMIS 422
CMIS 530
CMIS 543
CMIS 544
CMIS 545
CMIS 549
CMIS 641
CMPL 500
CMPL 501
CMPL 502
CMPL 504
CMPL 506
CMPL 511
CMPL 512
CMPL 513
CMPL 515
CMPL 516
CMPL 518
CMPL 519
CMPL 522
CMPL 524
CMPL 533
CMPL 536
CMPL 537
CMPL 539
CMPL 543
CMPL 546
CMPL 547
CMPL 553
CMPL 565
CMPL 568
CMPL 571
CMPL 573
CMPL 574
CMPL 575
CMPL 576
CMPL 577
CMPL 580
CMPL 600
CMPL 603
CMPL 604
CMPL 610
CMPL 611
CMPL 612
CMPL 613
CMPL 614
CMPL 615
CMPL 615D1
CMPL 615D2
CMPL 616
CMPL 616D1
CMPL 616D2
CMPL 617
CMPL 618
CMPL 619
CMPL 641
CMPL 642
CMPL 655
CMPL 656
CMPL 657
CMPL 701
CMR2 566
CMR2 573
CMR2 642
CMR2 643
CMR2 648
CMR2 650
CMR2 664
CMR2 668
CMR2 691
CMRK 200
CMRK 225
CMRK 235
CMRK 320
CMRK 321
CMRK 322
CMRK 325
CMRK 430
CMS2 500
CMS2 524
CMS2 525
CMS2 531
CMS2 533
CMS2 533D1
CMS2 533D2
CMS2 590
CMS2 621
CMS2 627
CMSC 000
CMSC 003
CMSC 004
CMSC 101
CMSC 105
CMSC 110
CMSC 203
CMSC 310
CMSC 320
COGS 396
COGS 401
COGS 401D1
COGS 401D2
COGS 401N1
COGS 401N2
COGS 444
COGS 444D1
COGS 444D2
COGS 444N1
COGS 444N2
COMP 189
COMP 202
COMP 204
COMP 206
COMP 208
COMP 230
COMP 250
COMP 251
COMP 252
COMP 260
COMP 273
COMP 280
COMP 302
COMP 303
COMP 307
COMP 308
COMP 310
COMP 321
COMP 322
COMP 330
COMP 345
COMP 350
COMP 360
COMP 361D1
COMP 361D2
COMP 362
COMP 370
COMP 396
COMP 400
COMP 401
COMP 402
COMP 402D1
COMP 402D2
COMP 409
COMP 417
COMP 421
COMP 424
COMP 445
COMP 451
COMP 462
COMP 480
COMP 511
COMP 512
COMP 513
COMP 514
COMP 520
COMP 521
COMP 523
COMP 525
COMP 527
COMP 529
COMP 531
COMP 532
COMP 533
COMP 535
COMP 540
COMP 545
COMP 546
COMP 547
COMP 549
COMP 550
COMP 551
COMP 552
COMP 553
COMP 554
COMP 555
COMP 557
COMP 558
COMP 559
COMP 561
COMP 562
COMP 564
COMP 565
COMP 567
COMP 579
COMP 585
COMP 588
COMP 594
COMP 595
COMP 596
COMP 597
COMP 598
COMP 599
COMP 601
COMP 602
COMP 603
COMP 604
COMP 610
COMP 611
COMP 614
COMP 616D1
COMP 616D2
COMP 621
COMP 642
COMP 647
COMP 649
COMP 654
COMP 680
COMP 685
COMP 689
COMP 690
COMP 691
COMP 693
COMP 694
COMP 695
COMP 696
COMP 697
COMP 698
COMP 699
COMP 700
COMP 700D1
COMP 700D2
COMP 701
COMP 760
COMP 761
COMP 762
COMP 763
COMP 764
COMP 765
COMP 766
COMP 767
COMS 200
COMS 210
COMS 230
COMS 300
COMS 301
COMS 301J1
COMS 301J2
COMS 301J3
COMS 310
COMS 320
COMS 330
COMS 340
COMS 350
COMS 354
COMS 355
COMS 360
COMS 361
COMS 362
COMS 400
COMS 410
COMS 411
COMS 425
COMS 435
COMS 490
COMS 491
COMS 492
COMS 495
COMS 497
COMS 500
COMS 501
COMS 510
COMS 521
COMS 541
COMS 560
COMS 601
COMS 608
COMS 611
COMS 612
COMS 613
COMS 614
COMS 616
COMS 617
COMS 619
COMS 623
COMS 625
COMS 627
COMS 629
COMS 630
COMS 631
COMS 633
COMS 635
COMS 637
COMS 639
COMS 643
COMS 644
COMS 646
COMS 647
COMS 648
COMS 649
COMS 651
COMS 655
COMS 670D1
COMS 670D2
COMS 675
COMS 681
COMS 682
COMS 683
COMS 692
COMS 693
COMS 694
COMS 695
COMS 696
COMS 697
COMS 702
COMS 703
COMS 730
CORG 225
CORG 295
CORG 415
CORG 416
CORG 420
CORG 440
CORG 445
CORG 450
CORG 470
CORG 556
CORG 556D1
CORG 556D2
CORG 556N1
CORG 556N2
CORG 651
CORG 653
CORG 654
CORG 655
CORG 660
CORG 661
CORG 662
CORG 665
CORG 667
CPAG 220
CPAG 225
CPAG 300
CPAG 305
CPAG 400
CPAG 410
CPAG 600
CPAG 610
CPAG 615
CPAG 620
CPAG 625
CPD2 505
CPDV 400
CPDV 402
CPL2 511
CPL2 512
CPL2 524
CPL2 530
CPL2 554
CPL2 590
CPL2 592
CPL2 593
CPL2 610
CPL2 632
CPL2 633
CPL2 634
CPL2 652
CPL2 695
CPRL 214
CPRL 220
CPRL 221
CPRL 223
CPRL 224
CPRL 225
CPRL 226
CPRL 227
CPRL 228
CPRL 321
CPRL 322
CPRL 515
CPRL 532
CPRL 535
CPRL 610
CPRL 620
CPRL 630
CPRL 631
CPRL 633
CPRL 636
CPRL 641
CPRL 644
CPRL 690
CPRL 691
CSCI 010
CSCI 011
CSCI 020
CSCI 021
CSCI 022
CSCI 030
CSCI 031
CSCI 040
CSCI 041
CSNM 605
CSNM 608
CSNM 610
CSNM 612
CSNM 615
CSNM 620
CSNM 630
CSNM 632
CSNM 635
CSNM 640
CSNM 650
CSNM 690
CSPN 542
CSPN 544
CTPT 200
CTPT 201
CTPT 202
CTPT 206
CTPT 208
CTPT 310
CTPT 311
CTPT 410
CTPT 430
DENT 101J1
DENT 101J2
DENT 101J3
DENT 111J1
DENT 111J2
DENT 111J3
DENT 112
DENT 113
DENT 113D1
DENT 113D2
DENT 114D1
DENT 114D2
DENT 125
DENT 125D1
DENT 125D2
DENT 206
DENT 206D1
DENT 206D2
DENT 208D1
DENT 208D2
DENT 210
DENT 213
DENT 213D1
DENT 213D2
DENT 215D1
DENT 215D2
DENT 217
DENT 218D1
DENT 218D2
DENT 220D1
DENT 220D2
DENT 221D1
DENT 221D2
DENT 222
DENT 222D1
DENT 222D2
DENT 224D1
DENT 224D2
DENT 225
DENT 225D1
DENT 225D2
DENT 231
DENT 232
DENT 240
DENT 241
DENT 242J1
DENT 242J2
DENT 242J3
DENT 243
DENT 244D1
DENT 244D2
DENT 245D1
DENT 245D2
DENT 246D1
DENT 246D2
DENT 247D1
DENT 247D2
DENT 248
DENT 249D1
DENT 249D2
DENT 250D1
DENT 250D2
DENT 305D1
DENT 305D2
DENT 307D1
DENT 307D2
DENT 309
DENT 309J1
DENT 309J2
DENT 309J3
DENT 310J1
DENT 310J2
DENT 310J3
DENT 311J1
DENT 311J2
DENT 311J3
DENT 312
DENT 313D1
DENT 313D2
DENT 315J1
DENT 315J2
DENT 315J3
DENT 316D1
DENT 316D2
DENT 317D1
DENT 317D2
DENT 317J1
DENT 317J2
DENT 317J3
DENT 318J1
DENT 318J2
DENT 318J3
DENT 319D1
DENT 319D2
DENT 319J1
DENT 319J2
DENT 319J3
DENT 320
DENT 320J1
DENT 320J2
DENT 320J3
DENT 322J1
DENT 322J2
DENT 322J3
DENT 323
DENT 323J1
DENT 323J2
DENT 323J3
DENT 325D1
DENT 325D2
DENT 326
DENT 327
DENT 328J1
DENT 328J2
DENT 328J3
DENT 337
DENT 338D1
DENT 338D2
DENT 343J1
DENT 343J2
DENT 343J3
DENT 344J1
DENT 344J2
DENT 344J3
DENT 346D1
DENT 346D2
DENT 350J1
DENT 350J2
DENT 350J3
DENT 351
DENT 406D1
DENT 406D2
DENT 407D1
DENT 407D2
DENT 409
DENT 409J1
DENT 409J2
DENT 409J3
DENT 410D1
DENT 410D2
DENT 411D1
DENT 411D2
DENT 412D1
DENT 412D2
DENT 412J1
DENT 412J2
DENT 412J3
DENT 413
DENT 415D1
DENT 415D2
DENT 415J1
DENT 415J2
DENT 415J3
DENT 416D1
DENT 416D2
DENT 418D1
DENT 418D2
DENT 418J1
DENT 418J2
DENT 418J3
DENT 420
DENT 423D1
DENT 423D2
DENT 423J1
DENT 423J2
DENT 423J3
DENT 428D1
DENT 428D2
DENT 429
DENT 437
DENT 438D1
DENT 438D2
DENT 443D1
DENT 443D2
DENT 444D1
DENT 444D2
DENT 446D1
DENT 446D2
DENT 450D1
DENT 450D2
DENT 451D1
DENT 451D2
DENT 504
DENT 505
DENT 509
DENT 520
DENT 521D1
DENT 521D2
DENT 522D1
DENT 522D2
DENT 523D1
DENT 523D2
DENT 524D1
DENT 524D2
DENT 525
DENT 526D1
DENT 526D2
DENT 527
DENT 528D1
DENT 528D2
DENT 529
DENT 571J1
DENT 571J2
DENT 571J3
DENT 575
DENT 576
DENT 577
DENT 578
DENT 580
DENT 580D1
DENT 580D2
DENT 581J1
DENT 581J2
DENT 581J3
DENT 582J1
DENT 582J2
DENT 582J3
DENT 583J1
DENT 583J2
DENT 583J3
DENT 584J1
DENT 584J2
DENT 584J3
DENT 585J1
DENT 585J2
DENT 585J3
DENT 600
DENT 601
DENT 606
DENT 608
DENT 610
DENT 611
DENT 614
DENT 624
DENT 625
DENT 642
DENT 643
DENT 650
DENT 651
DENT 652
DENT 653
DENT 653D1
DENT 653D2
DENT 654
DENT 656
DENT 663
DENT 664
DENT 665
DENT 666
DENT 668
DENT 669
DENT 670
DENT 671
DENT 671D1
DENT 671D2
DENT 676
DENT 677
DENT 678
DENT 681
DENT 682
DENT 682D1
DENT 682D2
DENT 683
DENT 685
DENT 686
DENT 688
DENT 690
DENT 700
DENT 701
DENT 706
DENT 786
DUMY 100
DUMY 100A
EAST 199
EAST 211
EAST 212
EAST 213
EAST 215
EAST 220
EAST 220D1
EAST 220D2
EAST 230
EAST 230D1
EAST 230D2
EAST 240
EAST 240D1
EAST 240D2
EAST 241
EAST 242
EAST 250
EAST 279
EAST 303
EAST 304
EAST 305
EAST 306
EAST 307
EAST 308
EAST 310
EAST 311
EAST 313
EAST 314
EAST 320D1
EAST 320D2
EAST 328
EAST 330D1
EAST 330D2
EAST 340D1
EAST 340D2
EAST 341
EAST 342
EAST 350
EAST 351
EAST 352
EAST 353
EAST 357
EAST 361
EAST 362
EAST 363
EAST 364
EAST 368
EAST 369
EAST 370
EAST 372
EAST 375
EAST 377
EAST 388
EAST 402
EAST 410
EAST 420
EAST 430D1
EAST 430D2
EAST 440D1
EAST 440D2
EAST 445
EAST 453
EAST 454
EAST 461
EAST 462
EAST 464
EAST 467
EAST 468
EAST 477
EAST 478
EAST 491
EAST 492
EAST 493
EAST 494
EAST 495
EAST 495D1
EAST 495D2
EAST 495N1
EAST 495N2
EAST 498D1
EAST 498D2
EAST 498N1
EAST 498N2
EAST 499
EAST 501
EAST 502
EAST 503
EAST 504
EAST 505
EAST 515
EAST 525
EAST 530D1
EAST 530D2
EAST 533
EAST 535
EAST 536
EAST 540D1
EAST 540D2
EAST 550
EAST 551
EAST 556
EAST 557
EAST 559
EAST 560
EAST 564
EAST 569
EAST 600
EAST 601
EAST 610
EAST 620
EAST 622
EAST 623
EAST 624
EAST 625
EAST 680
EAST 690
EAST 691
EAST 692
EAST 693
EAST 694
EAST 695
EAST 696
EAST 696D1
EAST 696D2
EAST 697
EAST 701
ECON 199
ECON 205
ECON 208
ECON 209
ECON 219
ECON 221
ECON 223
ECON 225
ECON 227
ECON 227D1
ECON 227D2
ECON 230
ECON 230D1
ECON 230D2
ECON 250D1
ECON 250D2
ECON 257D1
ECON 257D2
ECON 295
ECON 302
ECON 303
ECON 304
ECON 305
ECON 306
ECON 308
ECON 310
ECON 313
ECON 314
ECON 316
ECON 318
ECON 319
ECON 326
ECON 332
ECON 333
ECON 334
ECON 337
ECON 338
ECON 347
ECON 348
ECON 350
ECON 353
ECON 354
ECON 399
ECON 405
ECON 406
ECON 408
ECON 409
ECON 416
ECON 420
ECON 423
ECON 424
ECON 426
ECON 430
ECON 434
ECON 437
ECON 440
ECON 447
ECON 450
ECON 452
ECON 453
ECON 454
ECON 459
ECON 460
ECON 461
ECON 462
ECON 468
ECON 469
ECON 473
ECON 480
ECON 510
ECON 511
ECON 525
ECON 546
ECON 581
ECON 610
ECON 620
ECON 624
ECON 624D1
ECON 624D2
ECON 625
ECON 634
ECON 637
ECON 641
ECON 647
ECON 650
ECON 651
ECON 652
ECON 653
ECON 654
ECON 661
ECON 662
ECON 663
ECON 664
ECON 665
ECON 670
ECON 671
ECON 672
ECON 680
ECON 681
ECON 681D1
ECON 681D2
ECON 682
ECON 682D1
ECON 682D2
ECON 683
ECON 688
ECON 701
ECON 702
ECON 703
ECON 704
ECON 705
ECON 706
ECON 709
ECON 710
ECON 711
ECON 712
ECON 713
ECON 722
ECON 724
ECON 726
ECON 734
ECON 737
ECON 741
ECON 742
ECON 744
ECON 761
ECON 763
ECON 765
ECON 770
ECON 771
ECSE 200
ECSE 201
ECSE 202
ECSE 205
ECSE 206
ECSE 209
ECSE 210
ECSE 211
ECSE 222
ECSE 223
ECSE 250
ECSE 251
ECSE 301
ECSE 303
ECSE 305
ECSE 307
ECSE 308
ECSE 310
ECSE 316
ECSE 321
ECSE 324
ECSE 325
ECSE 326
ECSE 330
ECSE 331
ECSE 334
ECSE 335
ECSE 343
ECSE 353
ECSE 354
ECSE 362
ECSE 396
ECSE 397
ECSE 401
ECSE 402
ECSE 403
ECSE 404
ECSE 405
ECSE 408
ECSE 412
ECSE 415
ECSE 416
ECSE 420
ECSE 421
ECSE 422
ECSE 423
ECSE 424
ECSE 425
ECSE 426
ECSE 427
ECSE 428
ECSE 429
ECSE 430
ECSE 433
ECSE 435
ECSE 437
ECSE 439
ECSE 444
ECSE 446
ECSE 451
ECSE 456
ECSE 457
ECSE 458D1
ECSE 458D2
ECSE 458N1
ECSE 458N2
ECSE 460
ECSE 461
ECSE 463
ECSE 464
ECSE 465
ECSE 466
ECSE 467
ECSE 468
ECSE 469
ECSE 470
ECSE 472
ECSE 478D1
ECSE 478D2
ECSE 478N1
ECSE 478N2
ECSE 496
ECSE 497
ECSE 498
ECSE 499
ECSE 500
ECSE 501
ECSE 506
ECSE 507
ECSE 508
ECSE 509
ECSE 511
ECSE 512
ECSE 513
ECSE 515
ECSE 516
ECSE 517
ECSE 518
ECSE 519
ECSE 520
ECSE 521
ECSE 522
ECSE 523
ECSE 524
ECSE 525
ECSE 526
ECSE 527
ECSE 532
ECSE 533
ECSE 534
ECSE 535
ECSE 536
ECSE 537
ECSE 538
ECSE 539
ECSE 540
ECSE 541
ECSE 542
ECSE 543
ECSE 544
ECSE 546
ECSE 551
ECSE 552
ECSE 554
ECSE 555
ECSE 556
ECSE 557
ECSE 561
ECSE 562
ECSE 563
ECSE 564
ECSE 565
ECSE 570
ECSE 571
ECSE 572
ECSE 574
ECSE 575
ECSE 593
ECSE 596
ECSE 597
ECSE 608
ECSE 609
ECSE 610
ECSE 618
ECSE 621
ECSE 626
ECSE 634
ECSE 635
ECSE 651
ECSE 652
ECSE 653
ECSE 654
ECSE 655
ECSE 656
ECSE 670D1
ECSE 670D2
ECSE 670N1
ECSE 670N2
ECSE 678
ECSE 679D1
ECSE 679D2
ECSE 679N1
ECSE 679N2
ECSE 680
ECSE 681
ECSE 682
ECSE 683
ECSE 686
ECSE 686D1
ECSE 686D2
ECSE 686N1
ECSE 686N2
ECSE 688
ECSE 689
ECSE 691
ECSE 692
ECSE 693
ECSE 694
ECSE 695
ECSE 696
ECSE 697
ECSE 701
ECSE 702
ECSE 703
EDEA 204
EDEA 205
EDEA 206
EDEA 208
EDEA 241
EDEA 242
EDEA 243
EDEA 244
EDEA 245
EDEA 246
EDEA 247
EDEA 296
EDEA 302
EDEA 304
EDEA 307
EDEA 332
EDEA 341
EDEA 342
EDEA 345
EDEA 407
EDEA 410
EDEA 442
EDEA 472
EDEA 496
EDEA 555
EDEA 655
EDEC 201
EDEC 202
EDEC 203
EDEC 203D1
EDEC 203D2
EDEC 211
EDEC 213
EDEC 215
EDEC 216
EDEC 220
EDEC 221
EDEC 222
EDEC 227
EDEC 228
EDEC 230
EDEC 233
EDEC 237
EDEC 238
EDEC 239
EDEC 240
EDEC 241
EDEC 242
EDEC 243
EDEC 244
EDEC 245
EDEC 246
EDEC 247
EDEC 248
EDEC 249
EDEC 253
EDEC 254
EDEC 260
EDEC 262
EDEC 270
EDEC 271
EDEC 272
EDEC 273
EDEC 275
EDEC 276
EDEC 277
EDEC 278
EDEC 288
EDEC 289
EDEC 300
EDEC 301
EDEC 308
EDEC 309
EDEC 311
EDEC 312
EDEC 313
EDEC 321
EDEC 341
EDEC 342
EDEC 343
EDEC 344
EDEC 351
EDEC 374
EDEC 403
EDEC 404
EDEC 405
EDEC 518
EDEC 550
EDEC 575
EDEC 590
EDEC 591
EDEC 602
EDEC 603
EDEC 604
EDEC 606
EDEC 612
EDEC 616
EDEC 617
EDEC 620
EDEC 624
EDEC 625
EDEC 626
EDEC 627
EDEC 628
EDEC 629
EDEC 630
EDEC 635
EDEC 646
EDEC 647
EDEC 648
EDEC 650
EDEC 700
EDEC 701
EDEC 702
EDEC 703
EDEC 706
EDEC 707
EDEC 708
EDEC 709
EDEE 223
EDEE 230
EDEE 240
EDEE 243
EDEE 245
EDEE 248
EDEE 253
EDEE 260
EDEE 270
EDEE 273
EDEE 280
EDEE 283
EDEE 292
EDEE 325
EDEE 332
EDEE 347
EDEE 348
EDEE 350
EDEE 352
EDEE 353
EDEE 355
EDEE 370
EDEE 371
EDEE 373
EDEE 383
EDEE 444
EDEE 473
EDEM 220
EDEM 501
EDEM 502
EDEM 503
EDEM 603
EDEM 606
EDEM 609
EDEM 610
EDEM 615
EDEM 616
EDEM 621
EDEM 623
EDEM 625
EDEM 625D1
EDEM 625D2
EDEM 625N1
EDEM 625N2
EDEM 627
EDEM 627D1
EDEM 627D2
EDEM 628
EDEM 630
EDEM 635
EDEM 637
EDEM 644
EDEM 646
EDEM 655
EDEM 660
EDEM 664
EDEM 671
EDEM 673
EDEM 674
EDEM 675
EDEM 676
EDEM 677
EDEM 679
EDEM 681
EDEM 688
EDEM 690
EDEM 692
EDEM 693
EDEM 695
EDEM 699
EDEM 699D1
EDEM 699D2
EDEM 699N1
EDEM 699N2
EDER 252
EDER 309
EDER 318
EDER 319
EDER 320
EDER 360
EDER 372
EDER 395
EDER 401
EDER 461
EDER 494
EDER 520
EDER 525
EDER 527
EDER 528
EDER 530
EDER 536
EDER 600
EDER 606
EDER 607
EDER 608
EDER 609
EDER 610D1
EDER 610D2
EDER 614
EDER 615
EDER 616
EDER 617
EDER 622
EDER 625
EDER 626
EDER 633
EDER 633D1
EDER 633D2
EDER 634
EDER 639
EDER 643
EDER 649
EDES 304
EDES 334
EDES 335
EDES 350
EDES 353
EDES 361
EDES 366
EDES 434
EDES 435
EDES 453
EDES 461
EDFC 497
EDFE 200
EDFE 205
EDFE 208
EDFE 208D1
EDFE 208D2
EDFE 209
EDFE 210
EDFE 246
EDFE 254
EDFE 255
EDFE 256
EDFE 300
EDFE 306
EDFE 306D1
EDFE 306D2
EDFE 308
EDFE 351
EDFE 359
EDFE 373
EDFE 380
EDFE 406
EDFE 407
EDFE 451
EDFE 459
EDFE 480
EDGC 200
EDGC 201
EDGC 222
EDGC 233
EDGC 244
EDGC 299
EDGC 300
EDGC 301
EDGC 312
EDGC 313
EDGC 324
EDGC 335
EDGC 336
EDGC 337
EDGC 348
EDGC 398
EDGC 400
EDGC 411
EDGC 412
EDGC 423
EDGC 444
EDGC 490
EDGC 495
EDIN 601
EDIN 602
EDIN 610
EDIN 620
EDKP 100
EDKP 204
EDKP 206
EDKP 208
EDKP 213
EDKP 214
EDKP 217
EDKP 218
EDKP 219
EDKP 223
EDKP 225
EDKP 231
EDKP 232
EDKP 235
EDKP 237
EDKP 241
EDKP 245
EDKP 250
EDKP 252
EDKP 253
EDKP 261
EDKP 292
EDKP 293
EDKP 300
EDKP 301
EDKP 302
EDKP 303
EDKP 307
EDKP 330
EDKP 332
EDKP 342
EDKP 350
EDKP 391
EDKP 393
EDKP 394
EDKP 395
EDKP 396
EDKP 400
EDKP 401
EDKP 402
EDKP 405
EDKP 442
EDKP 443
EDKP 444
EDKP 445
EDKP 446
EDKP 447
EDKP 448
EDKP 449
EDKP 450
EDKP 451
EDKP 453
EDKP 453D1
EDKP 453D2
EDKP 454
EDKP 485
EDKP 492
EDKP 494
EDKP 495
EDKP 498
EDKP 499
EDKP 499D1
EDKP 499D2
EDKP 499N1
EDKP 499N2
EDKP 548
EDKP 566
EDKP 603
EDKP 603D1
EDKP 603D2
EDKP 605
EDKP 616
EDKP 617
EDKP 618
EDKP 619
EDKP 620
EDKP 621
EDKP 622
EDKP 623
EDKP 624
EDKP 625
EDKP 631
EDKP 640
EDKP 652
EDKP 654
EDKP 661
EDKP 661D1
EDKP 661D2
EDKP 662
EDKP 664
EDKP 671
EDKP 672
EDKP 672D2
EDKP 691
EDKP 691D1
EDKP 691D2
EDKP 692
EDKP 692D1
EDKP 692D2
EDKP 693
EDKP 693D1
EDKP 693D2
EDKP 694
EDKP 694D1
EDKP 694D2
EDKP 695
EDKP 696
EDKP 701
EDLE 601
EDLE 602
EDLE 603
EDLE 604
EDLE 605
EDPC 201
EDPC 202
EDPC 203
EDPC 205
EDPC 208
EDPC 209
EDPC 210
EDPC 501
EDPC 502
EDPC 503
EDPC 504
EDPC 505
EDPC 507
EDPC 509
EDPC 511
EDPC 540
EDPC 542
EDPC 562
EDPC 606
EDPC 607
EDPC 608
EDPC 609
EDPC 610
EDPC 615
EDPC 616
EDPC 618
EDPC 619
EDPC 620
EDPC 621
EDPC 624
EDPC 625
EDPC 626
EDPC 628
EDPC 629
EDPC 630
EDPC 662
EDPC 665D1
EDPC 665D2
EDPC 670
EDPC 677
EDPC 678
EDPC 679
EDPC 679D1
EDPC 679D2
EDPC 682D1
EDPC 682D2
EDPC 683
EDPC 684
EDPC 685D1
EDPC 685D2
EDPC 699
EDPC 701
EDPC 702
EDPC 714
EDPC 720
EDPC 780
EDPC 780D1
EDPC 780D2
EDPC 782
EDPC 782D1
EDPC 782D2
EDPC 783
EDPC 784
EDPC 786
EDPC 795
EDPC 795D1
EDPC 795D2
EDPD 250
EDPD 251
EDPD 252
EDPD 253
EDPD 254
EDPD 255
EDPD 256
EDPD 257
EDPD 258
EDPD 259
EDPD 260
EDPD 261
EDPD 262
EDPD 263
EDPE 208
EDPE 300
EDPE 304
EDPE 335
EDPE 355
EDPE 375
EDPE 377
EDPE 496
EDPE 502
EDPE 510
EDPE 515
EDPE 535
EDPE 550
EDPE 555
EDPE 561
EDPE 575
EDPE 595
EDPE 596
EDPE 602
EDPE 604
EDPE 605
EDPE 607
EDPE 609
EDPE 616
EDPE 619
EDPE 620
EDPE 622
EDPE 623
EDPE 625
EDPE 626
EDPE 627
EDPE 632D1
EDPE 632D2
EDPE 633
EDPE 634
EDPE 635
EDPE 636
EDPE 637
EDPE 640
EDPE 656
EDPE 657
EDPE 658
EDPE 659
EDPE 663
EDPE 664
EDPE 666
EDPE 668
EDPE 670
EDPE 672
EDPE 673
EDPE 676
EDPE 682
EDPE 683
EDPE 684
EDPE 686
EDPE 687
EDPE 691
EDPE 692
EDPE 692D1
EDPE 692D2
EDPE 693
EDPE 694
EDPE 695
EDPE 695D1
EDPE 695D2
EDPE 696
EDPE 696D1
EDPE 696D2
EDPE 697
EDPE 697D1
EDPE 697D2
EDPE 698
EDPE 698D1
EDPE 698D2
EDPE 699D1
EDPE 699D2
EDPE 704
EDPE 705
EDPE 706
EDPE 707
EDPE 708
EDPE 708D1
EDPE 708D2
EDPE 710
EDPE 712
EDPE 713
EDPE 721
EDPE 721D1
EDPE 721D2
EDPE 722
EDPE 722D1
EDPE 722D2
EDPE 723
EDPE 723D1
EDPE 723D2
EDPE 725
EDPE 725D1
EDPE 725D2
EDPE 726
EDPE 726D1
EDPE 726D2
EDPH 689
EDPI 211
EDPI 309
EDPI 341
EDPI 344
EDPI 440
EDPI 441
EDPI 442
EDPI 526
EDPI 527
EDPI 539
EDPI 540
EDPI 543
EDPI 616
EDPI 642
EDPI 645
EDPI 654
EDPI 656D1
EDPI 656D2
EDPI 665
EDPI 667
EDPI 691
EDPI 692
EDPI 693
EDPI 694
EDPI 743D1
EDPI 743D2
EDPS 600
EDPS 605
EDPS 610
EDPS 620
EDPT 200
EDPT 204
EDSL 210
EDSL 215
EDSL 247
EDSL 254
EDSL 300
EDSL 301
EDSL 304
EDSL 305
EDSL 311
EDSL 315
EDSL 330
EDSL 332
EDSL 334
EDSL 341
EDSL 345
EDSL 350
EDSL 370
EDSL 370D1
EDSL 370D2
EDSL 390
EDSL 412
EDSL 415
EDSL 444
EDSL 447
EDSL 458
EDSL 500
EDSL 501
EDSL 505
EDSL 512
EDSL 515
EDSL 541
EDSL 544
EDSL 545
EDSL 570
EDSL 572
EDSL 574
EDSL 576
EDSL 578
EDSL 580
EDSL 582
EDSL 584
EDSL 585
EDSL 586
EDSL 590
EDSL 591
EDSL 601
EDSL 602
EDSL 603
EDSL 616
EDSL 617
EDSL 620
EDSL 623
EDSL 624
EDSL 627
EDSL 628
EDSL 630
EDSL 631
EDSL 632
EDSL 640
EDSL 651
EDSL 666
EDSL 667
EDSL 668
EDSL 669
EDSL 695
EDSL 696
EDSL 711
EDSP 501
EDSP 600D1
EDSP 600D2
EDSP 601
EDSP 602
EDSP 609
EDSP 610
EDSP 611
EDSP 619
EDSP 650D1
EDSP 650D2
EDSP 682D1
EDSP 682D2
EDSP 685
EDSP 691
EDSP 692
EDSP 693
EDSP 694
EDSP 695
EDSP 696
EDSP 701
EDSP 702
EDSP 705D1
EDSP 705D2
EDSP 710
EDSP 715D1
EDSP 715D2
EDSP 721D1
EDSP 721D2
EDSP 722
EDSP 722D1
EDSP 722D2
EDSP 723
EDSP 723D1
EDSP 723D2
EDSP 725D1
EDSP 725D2
EDTL 500
EDTL 506
EDTL 508
EDTL 515
EDTL 520
EDTL 525
EDTL 601
EDTL 604
EDTL 607
EDTL 609
EDTL 612
EDTL 625
EDTL 626
EDTL 627
EDTL 628
EDTL 629
EDTL 630
EDTL 633
EDTL 634
EDTL 635
EDTL 636
EDTL 640
EDUM 268
EDUM 271
ELEC 200
ELEC 300
ELEC 400
ELEC 400D1
ELEC 400D2
ELEC 401
ELEC 402
ELEC 403
ELEC 404
ELEC 405
ENGL 199
ENGL 200
ENGL 201
ENGL 202
ENGL 203
ENGL 204
ENGL 215
ENGL 225
ENGL 226
ENGL 227
ENGL 228
ENGL 229
ENGL 230
ENGL 237
ENGL 250
ENGL 269
ENGL 275
ENGL 277
ENGL 279
ENGL 280
ENGL 290
ENGL 295
ENGL 297
ENGL 301
ENGL 302
ENGL 304
ENGL 305
ENGL 306
ENGL 307
ENGL 308
ENGL 310
ENGL 311
ENGL 312
ENGL 313
ENGL 314
ENGL 315
ENGL 316
ENGL 317
ENGL 318
ENGL 319
ENGL 320
ENGL 322
ENGL 324
ENGL 326
ENGL 327
ENGL 328
ENGL 329
ENGL 330
ENGL 331
ENGL 332
ENGL 333
ENGL 334
ENGL 335
ENGL 336
ENGL 337
ENGL 340
ENGL 342
ENGL 343
ENGL 344
ENGL 345
ENGL 346
ENGL 347
ENGL 348
ENGL 349
ENGL 350
ENGL 351
ENGL 352
ENGL 353
ENGL 354
ENGL 355
ENGL 356
ENGL 357
ENGL 359
ENGL 360
ENGL 361
ENGL 363
ENGL 364
ENGL 365
ENGL 366
ENGL 367
ENGL 368
ENGL 370
ENGL 371
ENGL 372
ENGL 374
ENGL 376
ENGL 377
ENGL 378
ENGL 380
ENGL 381
ENGL 382
ENGL 383
ENGL 385
ENGL 385AA
ENGL 388
ENGL 389
ENGL 390
ENGL 391
ENGL 391AA
ENGL 393
ENGL 394
ENGL 395
ENGL 396
ENGL 397
ENGL 400
ENGL 401
ENGL 403
ENGL 404
ENGL 405
ENGL 407
ENGL 408
ENGL 409
ENGL 410
ENGL 411
ENGL 413
ENGL 414
ENGL 415
ENGL 416
ENGL 417
ENGL 418
ENGL 419
ENGL 421
ENGL 422
ENGL 423
ENGL 424
ENGL 430
ENGL 431
ENGL 434
ENGL 437
ENGL 438
ENGL 440
ENGL 441
ENGL 443
ENGL 444
ENGL 447
ENGL 451
ENGL 452
ENGL 454
ENGL 456
ENGL 458
ENGL 459
ENGL 460
ENGL 461
ENGL 465D1
ENGL 465D2
ENGL 466
ENGL 466D1
ENGL 466D2
ENGL 467
ENGL 469
ENGL 472
ENGL 476
ENGL 479
ENGL 480
ENGL 481
ENGL 482
ENGL 484
ENGL 486
ENGL 489
ENGL 490
ENGL 491D1
ENGL 491D2
ENGL 491N1
ENGL 491N2
ENGL 492
ENGL 495
ENGL 496
ENGL 498
ENGL 500
ENGL 501
ENGL 503
ENGL 504
ENGL 505
ENGL 506
ENGL 512
ENGL 516
ENGL 525
ENGL 527
ENGL 528
ENGL 529
ENGL 530
ENGL 533
ENGL 535
ENGL 540
ENGL 545
ENGL 553
ENGL 565
ENGL 566
ENGL 568
ENGL 568AA
ENGL 585
ENGL 586
ENGL 587
ENGL 604
ENGL 607
ENGL 608
ENGL 615
ENGL 620
ENGL 640
ENGL 661
ENGL 662
ENGL 670
ENGL 675
ENGL 680
ENGL 681
ENGL 682
ENGL 683
ENGL 684
ENGL 684D1
ENGL 684D2
ENGL 687
ENGL 690
ENGL 693
ENGL 694
ENGL 695
ENGL 698
ENGL 699
ENGL 699D1
ENGL 699D2
ENGL 699J1
ENGL 699J2
ENGL 699J3
ENGL 699N1
ENGL 699N2
ENGL 701
ENGL 708
ENGL 710
ENGL 714
ENGL 716
ENGL 722
ENGL 726
ENGL 730
ENGL 731
ENGL 733
ENGL 734
ENGL 757
ENGL 761
ENGL 770
ENGL 776
ENGL 778
ENGL 785
ENGL 786
ENGL 787
ENGL 788
ENGL 796
ENGL 798
ENTO 330
ENTO 340
ENTO 352
ENTO 515
ENTO 610
ENVB 210
ENVB 222
ENVB 301
ENVB 305
ENVB 313
ENVB 401
ENVB 402
ENVB 405
ENVB 406
ENVB 410
ENVB 415
ENVB 437
ENVB 497
ENVB 498
ENVB 500
ENVB 506
ENVB 529
ENVB 530
ENVR 200
ENVR 201
ENVR 202
ENVR 203
ENVR 301
ENVR 380
ENVR 396
ENVR 400
ENVR 401
ENVR 421
ENVR 422
ENVR 430
ENVR 451
ENVR 480
ENVR 485
ENVR 490
ENVR 491
ENVR 494
ENVR 495D1
ENVR 495D2
ENVR 495N1
ENVR 495N2
ENVR 540
ENVR 585
ENVR 610
ENVR 614
ENVR 615
ENVR 620
ENVR 630
ENVR 650
ENVR 651
ENVR 652
ENVR 680
EPIB 507
EPIB 521
EPIB 526
EPIB 591
EPIB 600
EPIB 601
EPIB 603
EPIB 605
EPIB 607
EPIB 613
EPIB 619
EPIB 621
EPIB 625
EPIB 627
EPIB 629
EPIB 631
EPIB 632
EPIB 633
EPIB 634
EPIB 635
EPIB 637
EPIB 638
EPIB 639
EPIB 641
EPIB 643
EPIB 645
EPIB 647
EPIB 648
EPIB 651
EPIB 654
EPIB 661
EPIB 662
EPIB 663
EPIB 668
EPIB 669
EPIB 669D1
EPIB 669D2
EPIB 670
EPIB 671
EPIB 672
EPIB 675
EPIB 676
EPIB 677
EPIB 678
EPIB 679
EPIB 681
EPIB 684
EPIB 685
EPIB 686
EPIB 690
EPIB 691
EPIB 691D1
EPIB 691D2
EPIB 701
EPIB 702
EPIB 702D1
EPIB 702D2
EPIB 703
EPIB 704
EPIB 705
EPIB 706
EPIB 707
EPIB 710
EPSC 181
EPSC 185
EPSC 186
EPSC 201
EPSC 210
EPSC 212
EPSC 220
EPSC 221
EPSC 225
EPSC 231
EPSC 233
EPSC 240
EPSC 303
EPSC 320
EPSC 325
EPSC 331
EPSC 334
EPSC 340
EPSC 341
EPSC 350
EPSC 355
EPSC 373
EPSC 396
EPSC 423
EPSC 425
EPSC 445
EPSC 452
EPSC 460
EPSC 460D1
EPSC 460D2
EPSC 470D1
EPSC 470D2
EPSC 473
EPSC 478
EPSC 480D1
EPSC 480D2
EPSC 482
EPSC 482D1
EPSC 482D2
EPSC 501
EPSC 510
EPSC 519
EPSC 520
EPSC 522
EPSC 525
EPSC 530
EPSC 547
EPSC 548
EPSC 549
EPSC 550
EPSC 551
EPSC 552
EPSC 561
EPSC 567
EPSC 570
EPSC 590
EPSC 644
EPSC 645
EPSC 697
EPSC 697D1
EPSC 697D2
EPSC 697N1
EPSC 697N2
EPSC 698
EPSC 698D1
EPSC 698D2
EPSC 698N1
EPSC 698N2
EPSC 699
EPSC 699D1
EPSC 699D2
EPSC 699N1
EPSC 699N2
EPSC 700
EPSC 725
EPSC 726
ESYS 104
ESYS 200
ESYS 300
ESYS 301
ESYS 480D1
ESYS 480D2
ESYS 480N1
ESYS 480N2
ESYS 500
EXMD 401
EXMD 501
EXMD 502
EXMD 503
EXMD 504
EXMD 505
EXMD 506
EXMD 507
EXMD 508
EXMD 509
EXMD 510
EXMD 521
EXMD 600
EXMD 601
EXMD 602
EXMD 603
EXMD 604
EXMD 605
EXMD 607
EXMD 608
EXMD 609
EXMD 610
EXMD 611D1
EXMD 611D2
EXMD 614
EXMD 615
EXMD 616
EXMD 617
EXMD 618
EXMD 619
EXMD 620
EXMD 625
EXMD 626
EXMD 627
EXMD 627D1
EXMD 627D2
EXMD 630
EXMD 632
EXMD 633
EXMD 634
EXMD 635D1
EXMD 635D2
EXMD 636
EXMD 640
EXMD 641
EXMD 642
EXMD 647
EXMD 650
EXMD 651
EXMD 670
EXMD 671
EXMD 674
EXMD 690
EXMD 691
EXMD 692
EXMD 693
EXMD 694
EXMD 701
EXMD 701D1
EXMD 701D2
EXSU 500
EXSU 501
EXSU 502
EXSU 505
EXSU 601
EXSU 602
EXSU 603
EXSU 605
EXSU 606
EXSU 610
EXSU 619
EXSU 620
EXSU 621
EXSU 622D1
EXSU 622D2
EXSU 622N1
EXSU 622N2
EXSU 623
EXSU 630
EXSU 684
EXSU 690
EXSU 691
EXSU 692
EXSU 693
EXSU 700
EXTL DPBO
EXTL DPUE
EXTL EXAG
EXTL EXAR
EXTL EXAS
EXTL EXDE
EXTL EXED
EXTL EXEN
EXTL EXGR
EXTL EXLW
EXTL EXMD
EXTL EXMG
EXTL EXMU
EXTL EXNU
EXTL EXPO
EXTL EXRS
EXTL EXSC
EXTL FSAF
EXTL FSAR
EXTL FSBF
EXTL FSBI
EXTL FSPA
EXTL GLEN
EXTL IPAR
EXTL IPAS
EXTL IPEN
EXTL IPSC
EXTL IUAG
EXTL IUAR
EXTL IUAS
EXTL IUBI
EXTL IUCE
EXTL IUCO
EXTL IUDE
EXTL IUED
EXTL IUEN
EXTL IUEP
EXTL IUET
EXTL IUGR
EXTL IUHC
EXTL IUIN
EXTL IULV
EXTL IULW
EXTL IUMD
EXTL IUMG
EXTL IUMP
EXTL IUMT
EXTL IUMU
EXTL IUNA
EXTL IUNU
EXTL IUPO
EXTL IUQA
EXTL IUQC
EXTL IUQO
EXTL IUQR
EXTL IUQT
EXTL IURS
EXTL IUSC
EXTL IUSH
EXTL IUTU
EXTL IUUQ
EXTL LAAG
EXTL LAAR
EXTL LAAS
EXTL LADE
EXTL LAED
EXTL LAEN
EXTL LAGR
EXTL LALW
EXTL LAMD
EXTL LAMG
EXTL LAMP
EXTL LAMU
EXTL LANU
EXTL LAPD
EXTL LAPO
EXTL LARS
EXTL LASC
EXTL TAAG
EXTL TAAR
EXTL TAAS
EXTL TADE
EXTL TAED
EXTL TAEN
EXTL TAGR
EXTL TALW
EXTL TAMD
EXTL TAMG
EXTL TAMU
EXTL TANU
EXTL TAPO
EXTL TARS
EXTL TASC
FACC 100
FACC 200
FACC 201
FACC 202
FACC 203
FACC 204
FACC 205
FACC 210
FACC 211
FACC 212
FACC 213
FACC 220
FACC 250
FACC 300
FACC 351
FACC 352
FACC 353
FACC 354
FACC 400
FACC 463
FACC 463D1
FACC 463D2
FACC 500
FACC 501
FACC 510
FACC 511
FAES 200
FAES 201
FAES 300
FAES 300D1
FAES 300D2
FAES 301
FAES 301D1
FAES 301D2
FAES 310
FAES 313
FAES 323
FAES 371
FAES 372
FAES 401
FAES 402
FAES 405
FAES 406
FDSC 200
FDSC 213
FDSC 230
FDSC 231
FDSC 232
FDSC 233
FDSC 251
FDSC 300
FDSC 305
FDSC 310
FDSC 315
FDSC 319
FDSC 330
FDSC 334
FDSC 400
FDSC 405
FDSC 442
FDSC 475
FDSC 476
FDSC 477
FDSC 480
FDSC 490
FDSC 491
FDSC 495D1
FDSC 495D2
FDSC 495N1
FDSC 495N2
FDSC 497
FDSC 515
FDSC 516
FDSC 519
FDSC 520
FDSC 525
FDSC 536
FDSC 537
FDSC 538
FDSC 540
FDSC 545
FDSC 555
FDSC 624
FDSC 626
FDSC 634
FDSC 651
FDSC 652
FDSC 690
FDSC 691
FDSC 692
FDSC 695
FDSC 696
FDSC 697
FDSC 698
FDSC 700
FDSC 725
FDSC 797
FDSC 798
FIGA NU0
FIGE JS01
FIGE JS02
FIGE JS03
FIGE JS04
FIGE JS05
FIGE JS06
FIGE JS07
FIGE JS08
FIGE KN01
FIGF PMCE
FIGF PMCO
FIGG GS1
FIGG GS2
FIGG MYR1
FIGG MYR2
FIGG MYR3
FIGG MYR4
FIGG TL01
FIGG TL02
FIGG TL03
FIGG TL04
FIGG WS1
FIGI GIG1
FIGI GIG2
FIGI GIG3
FIGM MMF
FIGM MMR
FIGM TRP
FIGN CPRT
FIGN SFTK
FIGS 196
FILM 499
FINE 342
FINE 434
FINE 435
FINE 436
FINE 437
FINE 438
FINE 440
FINE 440D1
FINE 440D2
FINE 441
FINE 442
FINE 443
FINE 444
FINE 445
FINE 446
FINE 447
FINE 448
FINE 449
FINE 450
FINE 450D1
FINE 450D2
FINE 451
FINE 452
FINE 455
FINE 456
FINE 460
FINE 464
FINE 465
FINE 477
FINE 482
FINE 490
FINE 492
FINE 496
FINE 541N1
FINE 541N2
FINE 547
FINE 620
FINE 622
FINE 632
FINE 639
FINE 646
FINE 648
FINE 664
FINE 670
FINE 671
FINE 671D1
FINE 671D2
FINE 671N1
FINE 671N2
FINE 673
FINE 674
FINE 675
FINE 677
FINE 678
FINE 679
FINE 680
FINE 681
FINE 682
FINE 683
FINE 684
FINE 685
FINE 686
FINE 687
FINE 688
FINE 689
FINE 689N1
FINE 689N2
FINE 690
FINE 690N1
FINE 690N2
FINE 691
FINE 692
FINE 693
FINE 695
FINE 696
FINE 702
FINE 703
FINE 706
FINE 707
FINE 709
FINE 710
FINE 711
FMED 301
FMED 405
FMED 504
FMED 505
FMED 506
FMED 509
FMED 525
FMED 527
FMED 530
FMED 601
FMED 602
FMED 603
FMED 604
FMED 605
FMED 606
FMED 608
FMED 610
FMED 611
FMED 612
FMED 613
FMED 614
FMED 615
FMED 616
FMED 619
FMED 621
FMED 625
FMED 672
FMED 679
FMED 690
FMED 697
FMED 698
FMED 701
FMED 702
FMT4 001
FMT4 002
FMT4 003
FMT4 004
FMT4 005
FMT4 006
FMT4 007
FMT4 008
FMT4 009
FMT4 010
FMT4 011
FMT4 012
FMT4 013
FMT4 013D1
FMT4 013D2
FMT4 014
FMT4 015
FMT4 016
FMT4 017
FMT4 018
FMT4 018D1
FMT4 018D2
FMT4 019
FMT4 020
FMT4 021
FMT4 022
FMT4 023
FMT4 024
FMT4 025
FMT4 026
FMT4 027
FMT4 028
FMT4 029
FMT4 030
FMT4 031
FMT4 032
FMT4 033
FMT4 034
FMT4 035
FMT4 036
FMT4 037
FMTP 010
FMTP 012
FMTP 013
FMTP 016
FMTP 020
FMTP 022
FMTP 023
FMTP 026
FMTP 034
FMTP 035
FMTP 074
FMTP 075
FMTP 076
FMTP 077
FMTP 078
FMTP 080
FMTP 081
FMTP 082
FMTP 083
FMTP 085
FMTP 086
FMTP 087
FMTP 088
FMTP 089
FMTP 090
FMTP 091
FMTP 092
FMTP 093
FMTP 095
FMTP 097
FMTP 098
FMTP 099
FREN 201
FREN 203
FREN 222
FREN 231
FREN 239
FREN 240
FREN 244
FREN 245
FREN 250
FREN 251
FREN 252
FREN 253
FREN 310
FREN 311
FREN 313
FREN 315
FREN 320
FREN 324
FREN 333
FREN 334
FREN 335
FREN 336
FREN 337
FREN 340
FREN 341
FREN 346
FREN 347
FREN 349
FREN 355
FREN 356
FREN 360
FREN 362
FREN 364
FREN 366
FREN 372
FREN 375
FREN 376
FREN 377
FREN 380
FREN 381
FREN 382
FREN 391
FREN 394
FREN 420
FREN 422
FREN 425
FREN 431
FREN 434
FREN 440
FREN 441
FREN 443
FREN 444
FREN 450
FREN 453
FREN 455
FREN 456
FREN 457
FREN 458
FREN 459
FREN 460
FREN 461
FREN 464D1
FREN 464D2
FREN 472
FREN 476
FREN 480
FREN 482
FREN 485
FREN 491
FREN 492
FREN 494
FREN 496
FREN 498
FREN 550
FREN 551
FREN 595
FREN 599
FREN 600
FREN 601
FREN 609
FREN 611
FREN 612
FREN 613
FREN 615
FREN 620
FREN 621
FREN 624
FREN 626
FREN 628
FREN 629
FREN 694
FREN 696
FREN 697
FREN 698
FREN 699
FREN 699D1
FREN 699D2
FREN 699N1
FREN 699N2
FREN 706
FREN 706D1
FREN 706D2
FREN 706N1
FREN 706N2
FREN 707
FREN 707D1
FREN 707D2
FREN 707N1
FREN 707N2
FREN 710
FREN 711
FREN 712
FREN 720
FREN 723
FREN 724
FREN 725
FREN 726
FREN 727
FREN 729
FREN 730
FREN 731
FREN 737
FREN 738
FREN 751
FREN 755
FREN 759
FREN 761
FREN 762
FREN 765
FREN 790
FREN 790D1
FREN 790D2
FRSL 101
FRSL 102
FRSL 103
FRSL 104
FRSL 105
FRSL 206
FRSL 207D1
FRSL 207D2
FRSL 208
FRSL 209
FRSL 210
FRSL 211D1
FRSL 211D2
FRSL 212
FRSL 215
FRSL 219
FRSL 302
FRSL 303
FRSL 321
FRSL 321D1
FRSL 321D2
FRSL 322
FRSL 325
FRSL 329
FRSL 330
FRSL 332
FRSL 333
FRSL 407
FRSL 408
FRSL 431
FRSL 431D1
FRSL 431D2
FRSL 432
FRSL 445
FRSL 446
FRSL 449
FRSL 455
FSCI 198
FSCI 200
FSCI 300
FSCI 342
FSCI 396
FSCI 397
FSCI 398D1
FSCI 398D2
FSCI 400
FSCI 444
FSCI 500
GDEN DRES
GDEU 2PGM
GDEU AEHE
GDEU DSRT
GDEU THES
GEAC 211
GEAC 212
GEBI 111
GEBI 121
GEBI 211
GEBI 221
GECH 111
GECH 112
GECH 121
GECH 211
GECS 111
GECS 112
GECS 121
GECS 122
GECS 211
GECS 221
GECS 222
GEEC 221
GEEC 222
GEEC 223
GEEE 221
GEHS 111
GEHS 121
GEHS 211
GEHS 221
GEIN 121
GEIN 221
GEMA 111
GEMA 112
GEMA 121
GEMA 122
GEMA 211
GEMA 212
GEMA 221
GEMA 222
GEML 111
GEML 121
GEML 211
GEML 221
GEMO 111
GEMO 211
GEOG 200
GEOG 201
GEOG 202
GEOG 203
GEOG 205
GEOG 210
GEOG 216
GEOG 217
GEOG 221
GEOG 272
GEOG 290
GEOG 291
GEOG 300
GEOG 301
GEOG 302
GEOG 303
GEOG 305
GEOG 308
GEOG 310
GEOG 311
GEOG 314
GEOG 315
GEOG 316
GEOG 321
GEOG 322
GEOG 325
GEOG 331
GEOG 333
GEOG 340
GEOG 350
GEOG 351
GEOG 360
GEOG 372
GEOG 373
GEOG 381
GEOG 384
GEOG 396
GEOG 398
GEOG 401
GEOG 403
GEOG 404
GEOG 407
GEOG 408
GEOG 409
GEOG 414
GEOG 416
GEOG 417
GEOG 418
GEOG 420
GEOG 423
GEOG 425
GEOG 428
GEOG 438
GEOG 451
GEOG 460
GEOG 470
GEOG 471
GEOG 473
GEOG 475
GEOG 489
GEOG 490
GEOG 490D1
GEOG 490D2
GEOG 491D1
GEOG 491D2
GEOG 491N1
GEOG 491N2
GEOG 492D1
GEOG 492D2
GEOG 492N1
GEOG 492N2
GEOG 493
GEOG 494
GEOG 495
GEOG 496
GEOG 498
GEOG 503
GEOG 504
GEOG 505
GEOG 506
GEOG 507
GEOG 509
GEOG 510
GEOG 511
GEOG 512
GEOG 514
GEOG 515
GEOG 520
GEOG 522
GEOG 525
GEOG 530
GEOG 535
GEOG 536
GEOG 540
GEOG 541
GEOG 542
GEOG 543
GEOG 550
GEOG 555
GEOG 601
GEOG 617
GEOG 625
GEOG 626
GEOG 628
GEOG 631
GEOG 631D1
GEOG 631D2
GEOG 631N1
GEOG 631N2
GEOG 670
GEOG 696
GEOG 697
GEOG 698
GEOG 698D1
GEOG 698D2
GEOG 699
GEOG 699D1
GEOG 699D2
GEOG 699N1
GEOG 699N2
GEOG 700
GEOG 700D1
GEOG 700D2
GEOG 701
GEOG 701D1
GEOG 701D2
GEOG 702
GEOG 702D1
GEOG 702D2
GEPH 111
GEPH 112
GEPH 121
GEPH 122
GEPH 211
GEPH 212
GEPH 221
GEPM 121
GEPM 122
GEPR 121
GEPR 221
GERM 197
GERM 200
GERM 202
GERM 202D1
GERM 202D2
GERM 203D1
GERM 203D2
GERM 255
GERM 259
GERM 260
GERM 300
GERM 307
GERM 307D1
GERM 307D2
GERM 325
GERM 326
GERM 331
GERM 332
GERM 335
GERM 336
GERM 337
GERM 340
GERM 344
GERM 348
GERM 350
GERM 351
GERM 352
GERM 355
GERM 357
GERM 358
GERM 360
GERM 361
GERM 362
GERM 363
GERM 364
GERM 365
GERM 366
GERM 367
GERM 368
GERM 369
GERM 370
GERM 371
GERM 372
GERM 373
GERM 375
GERM 379
GERM 381
GERM 385
GERM 388
GERM 390
GERM 397
GERM 499
GERM 570
GERM 575
GERM 580
GERM 635
GERM 640
GERM 645
GERM 675
GERM 680
GERM 681
GERM 682
GERM 690
GERM 691
GERM 692
GERM 701
GESP 111
GESP 121
GESP 211
GESP 221
GMED CFRF
GMED MRES
GPHL 200
GPHL 201
GPHL 300
GPHL 301
GPHL 302
GPHL 303
GPHL 400
GPHL 401
GPHL 591
GSFS 200
GSFS 250
GSFS 300
GSFS 301
GSFS 302
GSFS 303
GSFS 304
GSFS 305
GSFS 306
GSFS 307
GSFS 308
GSFS 400
GSFS 401
GSFS 402
GSFS 403
GSFS 404
GSFS 405
GSFS 406
GSFS 407
GSFS 450
GSFS 495D1
GSFS 495D2
GSFS 496D1
GSFS 496D2
GSFS 497D1
GSFS 497D2
GSFS 499
HGEN 396
HGEN 400
HGEN 575
HGEN 600
HGEN 600D1
HGEN 600D2
HGEN 601
HGEN 610
HGEN 610D1
HGEN 610D2
HGEN 617
HGEN 620
HGEN 621
HGEN 630
HGEN 630D1
HGEN 630D2
HGEN 640
HGEN 641
HGEN 650
HGEN 660
HGEN 661
HGEN 662
HGEN 663
HGEN 670
HGEN 673
HGEN 674
HGEN 675
HGEN 676
HGEN 677
HGEN 678
HGEN 679
HGEN 680
HGEN 681
HGEN 682
HGEN 683
HGEN 692
HGEN 693
HGEN 696
HGEN 697
HGEN 698
HGEN 699
HGEN 701
HGEN 702
HISP 199
HISP 202
HISP 204
HISP 210
HISP 210D1
HISP 210D2
HISP 218
HISP 219
HISP 220
HISP 220D1
HISP 220D2
HISP 225
HISP 226
HISP 243
HISP 244
HISP 245
HISP 246
HISP 247
HISP 248
HISP 301
HISP 320
HISP 325
HISP 326
HISP 328
HISP 332
HISP 333
HISP 335
HISP 340
HISP 341
HISP 345
HISP 352
HISP 355
HISP 356
HISP 357
HISP 358
HISP 432
HISP 437
HISP 438
HISP 439
HISP 451
HISP 454
HISP 455
HISP 457
HISP 458
HISP 470
HISP 490
HISP 490D1
HISP 490D2
HISP 499
HISP 505
HISP 603
HISP 605
HISP 606
HISP 615
HISP 616
HISP 617
HISP 625
HISP 680
HISP 690
HISP 691
HISP 692
HISP 693
HISP 694
HISP 695
HISP 695D1
HISP 695D2
HISP 695N1
HISP 695N2
HISP 696
HISP 697
HISP 697D1
HISP 697D2
HISP 698
HISP 701
HISP 713
HIST 198
HIST 199
HIST 200
HIST 201
HIST 202
HIST 203
HIST 205
HIST 206
HIST 207
HIST 208
HIST 209
HIST 210
HIST 211
HIST 212
HIST 213
HIST 214
HIST 215
HIST 216
HIST 218
HIST 219
HIST 221
HIST 222
HIST 223
HIST 224
HIST 226
HIST 238
HIST 240
HIST 249
HIST 250
HIST 262
HIST 275
HIST 292
HIST 298AA
HIST 298AB
HIST 299
HIST 300
HIST 301
HIST 302
HIST 303
HIST 304
HIST 305
HIST 306
HIST 307
HIST 308
HIST 310
HIST 311
HIST 312
HIST 313
HIST 314
HIST 315
HIST 316
HIST 317
HIST 319
HIST 320
HIST 323
HIST 324
HIST 325
HIST 326
HIST 327
HIST 328
HIST 329
HIST 330
HIST 331
HIST 332
HIST 333
HIST 334
HIST 335
HIST 336
HIST 338
HIST 340
HIST 341
HIST 342
HIST 343
HIST 344
HIST 345
HIST 347
HIST 349
HIST 350
HIST 351
HIST 352
HIST 353
HIST 354
HIST 356
HIST 357
HIST 358
HIST 360
HIST 361
HIST 361AA
HIST 362
HIST 363
HIST 364
HIST 365
HIST 366
HIST 367
HIST 368
HIST 369
HIST 370
HIST 371
HIST 372
HIST 374
HIST 375
HIST 376
HIST 377
HIST 380
HIST 381
HIST 382
HIST 383
HIST 384
HIST 386
HIST 387
HIST 388
HIST 389
HIST 389AA
HIST 390
HIST 391
HIST 392
HIST 393
HIST 394
HIST 397
HIST 398
HIST 399
HIST 400
HIST 401
HIST 401AA
HIST 404
HIST 405
HIST 406
HIST 407
HIST 408
HIST 409
HIST 409AA
HIST 409AB
HIST 410
HIST 411
HIST 412
HIST 416
HIST 417
HIST 418
HIST 420
HIST 421
HIST 423
HIST 423AA
HIST 424
HIST 425
HIST 426
HIST 427
HIST 428
HIST 429
HIST 429AA
HIST 430
HIST 431
HIST 432
HIST 433
HIST 434
HIST 435
HIST 436
HIST 436AA
HIST 436AB
HIST 437
HIST 437AA
HIST 438
HIST 438AA
HIST 439
HIST 440
HIST 441
HIST 442
HIST 443
HIST 445
HIST 446
HIST 450
HIST 452
HIST 452AA
HIST 453
HIST 454
HIST 457
HIST 457AA
HIST 457AB
HIST 468
HIST 469
HIST 472
HIST 475
HIST 475AA
HIST 478
HIST 480
HIST 481
HIST 482
HIST 488
HIST 498
HIST 499
HIST 503
HIST 503AA
HIST 504
HIST 505
HIST 505AA
HIST 507
HIST 508
HIST 509
HIST 510
HIST 511
HIST 512
HIST 512AA
HIST 522
HIST 525
HIST 526
HIST 527
HIST 528
HIST 530
HIST 548
HIST 550D1
HIST 550D2
HIST 552D1
HIST 552D2
HIST 555D1
HIST 555D2
HIST 556D1
HIST 556D2
HIST 558
HIST 559
HIST 560D1
HIST 560D2
HIST 564D1
HIST 564D2
HIST 565D1
HIST 565D2
HIST 567D1
HIST 567D2
HIST 568D1
HIST 568D2
HIST 569D1
HIST 569D2
HIST 570D1
HIST 570D2
HIST 571D1
HIST 571D2
HIST 572D1
HIST 572D2
HIST 573D1
HIST 573D2
HIST 574D1
HIST 574D2
HIST 576D1
HIST 576D2
HIST 577D1
HIST 577D2
HIST 578D1
HIST 578D2
HIST 579D1
HIST 579D2
HIST 580D1
HIST 580D2
HIST 585D1
HIST 585D2
HIST 586D1
HIST 586D2
HIST 587D1
HIST 587D2
HIST 588D1
HIST 588D2
HIST 589D1
HIST 589D2
HIST 591D1
HIST 591D2
HIST 592AA
HIST 592AB
HIST 592D1
HIST 592D2
HIST 593D1
HIST 593D2
HIST 594D1
HIST 594D2
HIST 597D1
HIST 597D2
HIST 598D1
HIST 598D2
HIST 599D1
HIST 599D2
HIST 601
HIST 607
HIST 611
HIST 617
HIST 631
HIST 632
HIST 633
HIST 634
HIST 638
HIST 640
HIST 641
HIST 655
HIST 655D1
HIST 655D2
HIST 660D1
HIST 660D2
HIST 678
HIST 679
HIST 680
HIST 681
HIST 682
HIST 685
HIST 696
HIST 696D1
HIST 696D2
HIST 697
HIST 698
HIST 699
HIST 699D1
HIST 699D2
HIST 701
HIST 702
HIST 702D1
HIST 702D2
HIST 703
HIST 703D1
HIST 703D2
HIST 704
HIST 704D1
HIST 704D2
HPSC 199
HPSC 300
HPSC 500
HSED 601
HSED 602
HSED 625
HSED 701
HSED 702D1
HSED 702D2
HSED 703
HSED 704
HSEL 308
HSEL 309
HSSM 604
IDFC 300
IDFC 500
IGFS 611
IMED 301
IMED 401
IMED 401D1
IMED 401D2
IMED 407
INDG 200
INDG 202
INDG 300
INDG 301
INDG 302
INDG 303
INDG 400
INDG 401
INDG 420
INDG 450
INDR 294
INDR 459
INDR 492
INDR 494
INDR 496
INDR 499
INDS 111
INDS 112
INDS 113
INDS 114
INDS 115
INDS 116
INDS 117
INDS 118
INDS 119D1
INDS 119D2
INDS 119J1
INDS 119J2
INDS 119J3
INDS 120
INDS 120D1
INDS 120D2
INDS 120J1
INDS 120J2
INDS 120J3
INDS 122
INDS 122D1
INDS 122D2
INDS 122J1
INDS 122J2
INDS 122J3
INDS 123D1
INDS 123D2
INDS 123J1
INDS 123J2
INDS 123J3
INDS 124D1
INDS 124D2
INDS 124J1
INDS 124J2
INDS 124J3
INDS 125
INDS 125D1
INDS 125D2
INDS 125J1
INDS 125J2
INDS 125J3
INDS 211
INDS 212
INDS 219
INDS 222
INDS 222D1
INDS 222D2
INDS 222J1
INDS 222J2
INDS 222J3
INDS 223
INDS 224
INDS 224D1
INDS 224D2
INDS 224J1
INDS 224J2
INDS 224J3
INDS 225
INDS 300
INDS 302
INDS 305
INDS 319
INDS 320
INDS 320D1
INDS 320D2
INDS 320J1
INDS 320J2
INDS 320J3
INDS 322
INDS 322D1
INDS 322D2
INDS 322J1
INDS 322J2
INDS 322J3
INDS 323
INDS 408
INDS 421
INDS 422D1
INDS 422D2
INDS 423
INDS 423D1
INDS 423D2
INDS 423J1
INDS 423J2
INDS 423J3
INDS 423N1
INDS 423N2
INDS 424
INDS 424J1
INDS 424J2
INDS 424J3
INDS 424N1
INDS 424N2
INDS 426
INDS 427
INFS 601
INFS 603
INFS 604
INFS 605
INFS 605D1
INFS 605D2
INFS 607
INFS 608
INFS 609
INFS 611
INFS 612
INFS 614
INFS 615
INFS 616
INFS 617
INFS 618
INFS 619
INFS 620
INFS 625
INFS 626
INFS 627
INFS 629
INFS 630
INFS 631
INFS 633
INFS 634
INFS 635
INFS 636
INFS 639
INFS 641
INFS 642
INFS 645
INFS 649
INFS 650
INFS 656
INFS 657
INFS 660
INFS 661
INFS 662
INFS 663
INFS 664
INFS 665
INFS 671
INFS 672
INFS 673
INFS 679
INFS 680
INFS 681
INFS 682
INFS 683
INFS 684
INFS 688
INFS 688D1
INFS 688D2
INFS 689
INFS 690
INFS 691
INFS 692
INFS 693
INFS 696D1
INFS 696D2
INFS 699
INFS 701
INFS 702
INFS 703
INFS 704
INFS 705
INLG 210
INLG 230
INLG 310
INLG 330
INLG 411
INLG 421
INLG 430
INLG 480
INLG 501
INLG 611
INLG 621
INSY 331
INSY 333
INSY 334
INSY 336
INSY 339
INSY 341
INSY 431
INSY 432
INSY 434
INSY 435
INSY 437
INSY 440
INSY 442
INSY 446
INSY 448
INSY 450
INSY 454
INSY 455
INSY 463
INSY 606
INSY 608
INSY 609
INSY 610
INSY 642
INSY 652
INSY 653
INSY 660
INSY 661
INSY 662
INSY 665
INSY 669
INSY 670
INSY 671
INSY 672
INSY 673
INSY 674
INSY 675
INSY 684
INSY 690
INSY 691
INSY 695
INSY 696
INSY 697
INSY 704
INSY 705
INSY 706
INSY 709
INSY 710
INTD 200
INTD 250
INTD 350
INTD 352
INTD 354
INTD 356
INTD 358
INTD 360
INTD 397
INTD 397AA
INTD 397AB
INTD 398
INTD 398AA
INTD 398AB
INTD 490
INTD 491
INTD 491D1
INTD 491D2
INTD 491N1
INTD 491N2
INTD 497
INTD 497AA
INTD 497AB
INTD 497AC
INTD 497AD
INTD 498
INTD 498AA
INTD 498AB
INTD 499
INTD 657
INTG 215
IPEA 500
IPEA 501
IPEA 502
IPEA 503
ISLA 199
ISLA 200
ISLA 210
ISLA 221D1
ISLA 221D2
ISLA 232D1
ISLA 232D2
ISLA 241D1
ISLA 241D2
ISLA 251D1
ISLA 251D2
ISLA 300
ISLA 305
ISLA 310
ISLA 311
ISLA 315
ISLA 320
ISLA 322
ISLA 322D1
ISLA 322D2
ISLA 325
ISLA 330
ISLA 333D1
ISLA 333D2
ISLA 342D1
ISLA 342D2
ISLA 352D1
ISLA 352D2
ISLA 355
ISLA 360
ISLA 365
ISLA 370
ISLA 375
ISLA 380
ISLA 383
ISLA 385
ISLA 388
ISLA 390
ISLA 392
ISLA 395
ISLA 410
ISLA 411
ISLA 415
ISLA 420
ISLA 421
ISLA 423
ISLA 423D1
ISLA 423D2
ISLA 430
ISLA 434D1
ISLA 434D2
ISLA 443D1
ISLA 443D2
ISLA 488
ISLA 489
ISLA 495
ISLA 496
ISLA 499
ISLA 502
ISLA 505
ISLA 506
ISLA 511
ISLA 512
ISLA 515
ISLA 516
ISLA 524
ISLA 525
ISLA 526
ISLA 530
ISLA 535D1
ISLA 535D2
ISLA 545
ISLA 546
ISLA 553
ISLA 554
ISLA 555
ISLA 560
ISLA 580
ISLA 581
ISLA 582
ISLA 585
ISLA 602
ISLA 603
ISLA 604
ISLA 606
ISLA 611
ISLA 613
ISLA 615
ISLA 616
ISLA 617
ISLA 618
ISLA 620
ISLA 621D1
ISLA 621D2
ISLA 622
ISLA 622D1
ISLA 622D2
ISLA 623
ISLA 623D1
ISLA 623D2
ISLA 632D1
ISLA 632D2
ISLA 633D1
ISLA 633D2
ISLA 634D1
ISLA 634D2
ISLA 641D1
ISLA 641D2
ISLA 642D1
ISLA 642D2
ISLA 643D1
ISLA 643D2
ISLA 651D1
ISLA 651D2
ISLA 652D1
ISLA 652D2
ISLA 681
ISLA 682
ISLA 683
ISLA 697
ISLA 698
ISLA 699
ISLA 701
ISLA 707
ISLA 735
ISLA 739
ISLA 745
ISLA 777
ISLA 788
ITAL 199
ITAL 205D1
ITAL 205D2
ITAL 206
ITAL 210D1
ITAL 210D2
ITAL 215D1
ITAL 215D2
ITAL 216
ITAL 230
ITAL 250
ITAL 255
ITAL 260
ITAL 265
ITAL 290
ITAL 295
ITAL 307
ITAL 309
ITAL 310
ITAL 329
ITAL 332
ITAL 345
ITAL 355
ITAL 356
ITAL 360
ITAL 363
ITAL 365
ITAL 371
ITAL 374
ITAL 375
ITAL 383
ITAL 400
ITAL 410
ITAL 444
ITAL 464
ITAL 470
ITAL 471D1
ITAL 471D2
ITAL 472
ITAL 477
ITAL 499
ITAL 560
ITAL 602
ITAL 606
ITAL 607
ITAL 610
ITAL 619
ITAL 631
ITAL 640
ITAL 645
ITAL 680
ITAL 690
ITAL 691
ITAL 698
ITAL 699
ITAL 701
ITAL 710
ITAL 720
ITAL 780
JWST 199
JWST 201
JWST 202
JWST 205
JWST 206
JWST 211
JWST 216
JWST 217
JWST 220
JWST 220D1
JWST 220D2
JWST 225
JWST 226
JWST 230
JWST 240
JWST 245
JWST 252
JWST 254
JWST 261
JWST 262
JWST 281
JWST 282
JWST 303
JWST 306
JWST 309
JWST 311
JWST 312
JWST 313
JWST 314
JWST 315
JWST 316
JWST 318
JWST 320
JWST 320D1
JWST 320D2
JWST 323
JWST 325
JWST 327
JWST 330
JWST 334
JWST 337
JWST 338
JWST 340
JWST 340D1
JWST 340D2
JWST 345
JWST 346
JWST 348
JWST 349
JWST 350
JWST 351
JWST 358
JWST 359
JWST 361
JWST 365
JWST 366
JWST 367
JWST 370
JWST 371
JWST 376
JWST 377
JWST 381
JWST 382
JWST 383
JWST 384
JWST 385
JWST 386
JWST 387
JWST 403
JWST 430
JWST 474
JWST 480
JWST 481
JWST 485
JWST 486
JWST 491
JWST 492
JWST 499
JWST 500
JWST 501
JWST 502
JWST 503
JWST 504
JWST 510
JWST 511
JWST 520
JWST 538
JWST 558
JWST 585
JWST 586
JWST 600
JWST 602
JWST 604
JWST 615
JWST 690
JWST 690D1
JWST 690D2
JWST 690N1
JWST 690N2
JWST 691
JWST 692
JWST 692D1
JWST 692D2
JWST 692N1
JWST 692N2
JWST 694
JWST 695
JWST 696
JWST 697
JWST 699
JWST 701
LACS 480
LACS 497
LACS 498
LACS 499
LAWG 100D1
LAWG 100D2
LAWG 101D1
LAWG 101D2
LAWG 102D1
LAWG 102D2
LAWG 103
LAWG 110D1
LAWG 110D2
LAWG 200
LAWG 210
LAWG 220D1
LAWG 220D2
LAWG 273
LAWG 300
LAWG 316
LAWG 400
LAWG 415
LAWG 426
LAWG 502
LAWG 503
LAWG 504
LAWG 505
LAWG 506
LAWG 507
LAWG 508D1
LAWG 508D2
LAWG 509
LAWG 511
LAWG 512
LAWG 513
LAWG 514
LAWG 515
LAWG 516
LAWG 517
LAWG 518
LAWG 519
LAWG 519D1
LAWG 519D2
LAWG 520
LAWG 521
LAWG 522
LAWG 523
LAWG 530
LAWG 531
LAWG 532
LAWG 533
LAWG 534
LAWG 535
LAWG 536
LAWG 537
LAWG 538
LAWG 539
LAWG 550
LAWG 551
LAWG 552
LAWG 553
LAWG 554
LAWG 555
LAWG 560
LAWG 561
LAWG 562
LAWG 570
LAWG 580
LAWG 581
LAWG 582
LAWG 583
LAWG 585
LAWG 601
LAWG 602
LAWG 625
LAWG 701
LAWG 702
LAWG 703
LAWG 704
LAWG 705
LEEL 369
LEEL 570
LEEL 571
LEEL 582
LIBA 202
LIBA 395
LIBA 402
LIBA 490
LING 199
LING 200
LING 201
LING 210
LING 211
LING 260
LING 315
LING 320
LING 325
LING 330
LING 331
LING 345
LING 350
LING 351
LING 355
LING 360
LING 365
LING 371
LING 410
LING 411
LING 415
LING 417
LING 418
LING 419
LING 425
LING 440
LING 445
LING 450
LING 451
LING 460
LING 461
LING 465
LING 480
LING 480D1
LING 480D2
LING 480N1
LING 480N2
LING 481
LING 481D1
LING 481D2
LING 483
LING 484
LING 485
LING 488
LING 489
LING 499
LING 520
LING 521
LING 530
LING 531
LING 545
LING 571
LING 601
LING 602
LING 605
LING 606
LING 607
LING 610
LING 611
LING 620
LING 630
LING 631
LING 635
LING 640
LING 645
LING 650
LING 651
LING 660
LING 661
LING 665
LING 671
LING 675
LING 682
LING 683
LING 688
LING 690
LING 706
LING 707
LING 710
LING 721
LING 722
LING 735
LING 765
LING 775
LING 782
LING 783
LING 788
LING 789
LLCU 199
LLCU 200
LLCU 201
LLCU 210
LLCU 212
LLCU 220
LLCU 230
LLCU 255
LLCU 279
LLCU 300
LLCU 301
LLCU 312
LLCU 498
LLCU 602
LLCU 603
LLCU 604
LLCU 606
LLCU 607
LLCU 609
LLCU 612
LLCU 689
LLCU 696
LLCU 697
LLCU 698
LLCU 699
LLCU 701
LSCI 202
LSCI 204
LSCI 211
LSCI 230
LSCI 401
LSCI 402
LSCI 451
LSCI 452
MATH 111
MATH 122
MATH 123
MATH 125
MATH 133
MATH 139
MATH 140
MATH 141
MATH 150
MATH 151
MATH 180
MATH 203
MATH 204
MATH 206
MATH 208
MATH 209
MATH 222
MATH 223
MATH 228
MATH 235
MATH 236
MATH 240
MATH 242
MATH 243
MATH 245
MATH 247
MATH 248
MATH 249
MATH 251
MATH 254
MATH 255
MATH 262
MATH 263
MATH 264
MATH 271
MATH 308
MATH 314
MATH 315
MATH 316
MATH 317
MATH 318
MATH 319
MATH 323
MATH 324
MATH 325
MATH 326
MATH 327
MATH 329
MATH 335
MATH 338
MATH 340
MATH 346
MATH 348
MATH 350
MATH 352
MATH 356
MATH 357
MATH 358
MATH 365
MATH 376
MATH 377
MATH 378
MATH 387
MATH 396
MATH 397
MATH 398
MATH 410
MATH 417
MATH 420
MATH 423
MATH 427
MATH 430
MATH 437
MATH 447
MATH 451
MATH 454
MATH 455
MATH 456
MATH 457
MATH 458
MATH 462
MATH 463
MATH 466
MATH 470
MATH 470D1
MATH 470D2
MATH 475
MATH 478
MATH 480
MATH 488
MATH 510
MATH 511
MATH 517
MATH 518
MATH 523
MATH 524
MATH 525
MATH 527D1
MATH 527D2
MATH 533
MATH 537
MATH 545
MATH 547
MATH 550
MATH 552
MATH 553
MATH 555
MATH 556
MATH 557
MATH 558
MATH 559
MATH 562
MATH 563
MATH 564
MATH 565
MATH 566
MATH 568
MATH 570
MATH 571
MATH 574
MATH 576
MATH 577
MATH 578
MATH 579
MATH 580
MATH 581
MATH 582
MATH 583
MATH 587
MATH 589
MATH 590
MATH 591
MATH 592
MATH 594
MATH 595
MATH 596
MATH 597
MATH 598
MATH 599
MATH 600
MATH 601
MATH 602
MATH 604
MATH 605
MATH 640
MATH 641
MATH 666
MATH 667
MATH 671
MATH 680
MATH 682
MATH 686
MATH 687
MATH 689
MATH 690
MATH 691
MATH 693
MATH 695
MATH 697
MATH 698
MATH 699
MATH 701
MATH 704
MATH 706
MATH 707
MATH 720
MATH 721
MATH 722
MATH 723
MATH 726
MATH 727
MATH 740
MATH 741
MATH 742
MATH 743
MATH 744
MATH 756
MATH 758
MATH 761
MATH 762
MATH 763
MATH 764
MATH 765
MATH 782
MATH 783
MATH 784
MDPH 396
MDPH 601
MDPH 602
MDPH 603
MDPH 607
MDPH 608
MDPH 609
MDPH 610
MDPH 613
MDPH 614
MDPH 615
MDPH 617
MDPH 618
MDPH 690
MDPH 690D1
MDPH 690D2
MDPH 691D1
MDPH 691D2
MDPH 702
MDPH 704
MDST 400
MECH 201
MECH 210
MECH 215
MECH 220
MECH 240
MECH 241
MECH 261
MECH 262
MECH 265
MECH 289
MECH 290
MECH 292
MECH 301
MECH 309
MECH 314
MECH 315
MECH 321
MECH 331
MECH 332
MECH 341
MECH 346
MECH 360
MECH 362
MECH 383
MECH 390
MECH 393
MECH 403D1
MECH 403D2
MECH 403N1
MECH 403N2
MECH 404
MECH 412
MECH 415
MECH 419
MECH 421
MECH 430
MECH 441
MECH 447
MECH 463D1
MECH 463D2
MECH 493
MECH 494
MECH 497
MECH 498
MECH 499
MECH 500
MECH 501
MECH 502
MECH 510
MECH 513
MECH 515
MECH 516
MECH 524
MECH 528
MECH 530
MECH 531
MECH 532
MECH 533
MECH 534
MECH 535
MECH 536
MECH 539
MECH 542
MECH 543
MECH 544
MECH 546
MECH 547
MECH 548
MECH 553
MECH 556
MECH 559
MECH 560
MECH 561
MECH 562
MECH 563
MECH 564
MECH 565
MECH 566
MECH 567
MECH 572
MECH 573
MECH 578
MECH 579
MECH 600
MECH 602
MECH 603
MECH 604
MECH 605
MECH 609
MECH 610
MECH 632
MECH 642
MECH 650
MECH 652
MECH 654
MECH 656
MECH 661
MECH 669
MECH 672
MECH 681
MECH 687
MECH 688
MECH 691
MECH 692
MECH 693
MECH 694
MECH 695
MECH 700
MECH 701
MECH 702
MGCR 211
MGCR 222
MGCR 233
MGCR 250
MGCR 271
MGCR 273
MGCR 293
MGCR 294
MGCR 331
MGCR 341
MGCR 352
MGCR 372
MGCR 382
MGCR 423
MGCR 460
MGCR 610
MGCR 611
MGCR 612
MGCR 613
MGCR 614
MGCR 616
MGCR 617
MGCR 618
MGCR 618D1
MGCR 618D2
MGCR 618J1
MGCR 618J2
MGCR 618J3
MGCR 620
MGCR 621
MGCR 622
MGCR 628
MGCR 628D1
MGCR 628D2
MGCR 628J1
MGCR 628J2
MGCR 628J3
MGCR 629
MGCR 638
MGCR 639
MGCR 640
MGCR 641
MGCR 642
MGCR 650
MGCR 651
MGCR 651D1
MGCR 651D2
MGCR 652
MGCR 652D1
MGCR 652D2
MGCR 653
MGCR 660
MGCR 660D1
MGCR 660D2
MGCR 661
MGMT 701
MGMT 707
MGMT 708
MGMT 709
MGMT 710
MGMT 714
MGMT 720
MGPO 362
MGPO 364
MGPO 365
MGPO 383
MGPO 402
MGPO 430
MGPO 432
MGPO 433
MGPO 434
MGPO 435
MGPO 438
MGPO 440
MGPO 445
MGPO 450
MGPO 460
MGPO 469
MGPO 470
MGPO 475
MGPO 485
MGPO 615
MGPO 630
MGPO 637
MGPO 640
MGPO 645
MGPO 651
MGPO 669
MGPO 683
MGPO 690
MGPO 691
MGPO 695
MGPO 701
MGPO 702
MGPO 704
MGPO 705
MGPO 706
MGPO 708
MGPO 709
MGSC 372
MGSC 373
MGSC 401
MGSC 403
MGSC 404
MGSC 415
MGSC 416
MGSC 417
MGSC 431
MGSC 434
MGSC 435
MGSC 483
MGSC 488
MGSC 575
MGSC 578
MGSC 602
MGSC 603
MGSC 604
MGSC 605
MGSC 607
MGSC 608
MGSC 609
MGSC 610
MGSC 611
MGSC 614
MGSC 615
MGSC 616
MGSC 617
MGSC 618
MGSC 619
MGSC 621
MGSC 631
MGSC 640
MGSC 641
MGSC 641D1
MGSC 641D2
MGSC 642
MGSC 642D1
MGSC 642D2
MGSC 650
MGSC 652
MGSC 656
MGSC 660
MGSC 661
MGSC 662
MGSC 670
MGSC 672
MGSC 673
MGSC 674
MGSC 684
MGSC 690
MGSC 691
MGSC 692
MGSC 695
MGSC 696
MGSC 697
MGSC 702
MGSC 706
MGSC 709
MHEC 600
MHEC 601
MHEC 602
MICR 331
MICR 338
MICR 341
MICR 450
MIME 200
MIME 203
MIME 209
MIME 212
MIME 250
MIME 260
MIME 261
MIME 262
MIME 280
MIME 290
MIME 291
MIME 308
MIME 311
MIME 317
MIME 320
MIME 322
MIME 323
MIME 325
MIME 329
MIME 330
MIME 333
MIME 340
MIME 341
MIME 345
MIME 350
MIME 352
MIME 356
MIME 360
MIME 362
MIME 380
MIME 392
MIME 410
MIME 413
MIME 419
MIME 421
MIME 422
MIME 424
MIME 425
MIME 426
MIME 428
MIME 442
MIME 452
MIME 455
MIME 456
MIME 465
MIME 467
MIME 470
MIME 473
MIME 480
MIME 481
MIME 484
MIME 494
MIME 495
MIME 511
MIME 512
MIME 513
MIME 514
MIME 515
MIME 520
MIME 521
MIME 522
MIME 524
MIME 525
MIME 526
MIME 527
MIME 529
MIME 542
MIME 544
MIME 545
MIME 553
MIME 556
MIME 559
MIME 560
MIME 561
MIME 563
MIME 565
MIME 567
MIME 568
MIME 569
MIME 570
MIME 571
MIME 572
MIME 574
MIME 576
MIME 580
MIME 588
MIME 601
MIME 606
MIME 608
MIME 610D1
MIME 610D2
MIME 610N1
MIME 610N2
MIME 620
MIME 621
MIME 623
MIME 624D1
MIME 624D2
MIME 624N1
MIME 624N2
MIME 625
MIME 626
MIME 627
MIME 628
MIME 628D1
MIME 628D2
MIME 628N1
MIME 628N2
MIME 629
MIME 629D1
MIME 629D2
MIME 629N1
MIME 629N2
MIME 631
MIME 634
MIME 634D1
MIME 634D2
MIME 634N1
MIME 634N2
MIME 635
MIME 638
MIME 640
MIME 640D1
MIME 640D2
MIME 650N1
MIME 650N2
MIME 652
MIME 653
MIME 656
MIME 658
MIME 661
MIME 665
MIME 670
MIME 670D1
MIME 670D2
MIME 670N1
MIME 670N2
MIME 673
MIME 673D1
MIME 673D2
MIME 673N1
MIME 673N2
MIME 680
MIME 681
MIME 682
MIME 686
MIME 690
MIME 690D1
MIME 690D2
MIME 690N1
MIME 690N2
MIME 691
MIME 692
MIME 692D1
MIME 692D2
MIME 692N1
MIME 692N2
MIME 693
MIME 693D1
MIME 693D2
MIME 694
MIME 694D1
MIME 694D2
MIME 694N1
MIME 694N2
MIME 695
MIME 695D1
MIME 695D2
MIME 701
MIME 702
MIME 703
MIME 704
MIME 710D1
MIME 710D2
MIME 710N1
MIME 710N2
MIME 771
MIME 771D1
MIME 771D2
MIME 771N1
MIME 771N2
MIME 776
MIME 776D1
MIME 776D2
MIME 776N1
MIME 776N2
MIMM 211
MIMM 212
MIMM 214
MIMM 301
MIMM 314
MIMM 323
MIMM 324
MIMM 384
MIMM 385
MIMM 387
MIMM 390
MIMM 391
MIMM 396
MIMM 397
MIMM 413
MIMM 414
MIMM 465
MIMM 466
MIMM 496D1
MIMM 496D2
MIMM 497
MIMM 497D1
MIMM 497D2
MIMM 498
MIMM 499
MIMM 501D1
MIMM 501D2
MIMM 502D1
MIMM 502D2
MIMM 509
MIMM 510
MIMM 607
MIMM 611
MIMM 612
MIMM 613
MIMM 614
MIMM 615
MIMM 616
MIMM 617
MIMM 619
MIMM 697
MIMM 698
MIMM 699
MIMM 701
MIMM 701D1
MIMM 701D2
MIMM 713
MPCO 720
MPCO 721
MPCO 722
MPCO 723
MPCO 724
MPCO 725
MPHE 740
MPHE 741
MPHE 742
MPHE 743
MPHE 744
MPHE 745
MPHE 746
MPHE 747
MPHE 748
MPHE 749
MPHE 750
MPHE 751
MPMC 320
MPMC 321
MPMC 326
MPMC 328
MPMC 329
MPMC 330
MPMC 421
MPQM 760
MPQM 761
MPQM 762
MRKT 351
MRKT 354
MRKT 355
MRKT 357
MRKT 365
MRKT 434
MRKT 435
MRKT 438
MRKT 440
MRKT 442
MRKT 451
MRKT 452
MRKT 453
MRKT 455
MRKT 459
MRKT 483
MRKT 632
MRKT 645
MRKT 652
MRKT 655
MRKT 657
MRKT 657D1
MRKT 657D2
MRKT 658
MRKT 671
MRKT 672
MRKT 673
MRKT 674
MRKT 690
MRKT 691
MRKT 696
MRKT 701
MRKT 702
MRKT 705
MRKT 706
MRKT 707
MRKT 708
MRKT 709
MRKT 710
MRKT 711
MSUS 400
MSUS 401
MSUS 402
MSUS 434
MSUS 435
MSUS 497
MUCO 230
MUCO 241
MUCO 242
MUCO 245
MUCO 246
MUCO 260
MUCO 261
MUCO 340D1
MUCO 340D2
MUCO 341
MUCO 342
MUCO 360
MUCO 374
MUCO 440D1
MUCO 440D2
MUCO 460
MUCO 475
MUCO 541
MUCO 542
MUCO 575
MUCO 622D1
MUCO 622D2
MUCO 631
MUCO 632
MUCO 633
MUCO 634
MUCO 635
MUCO 636
MUCO 710
MUCO 722D1
MUCO 722D2
MUCT 235
MUCT 315
MUEN 454
MUEN 496
MUEN 540
MUEN 541
MUEN 553
MUEN 556
MUEN 557
MUEN 560
MUEN 561
MUEN 562
MUEN 563
MUEN 565
MUEN 567
MUEN 568
MUEN 569
MUEN 570
MUEN 571
MUEN 572
MUEN 573
MUEN 574
MUEN 578
MUEN 579
MUEN 580
MUEN 581
MUEN 582
MUEN 584
MUEN 585
MUEN 586
MUEN 587
MUEN 588
MUEN 589
MUEN 590
MUEN 591
MUEN 592
MUEN 593
MUEN 594
MUEN 595
MUEN 596
MUEN 597
MUEN 598
MUEN 599
MUEN 654
MUEN 684
MUEN 688
MUEN 696
MUGS 605
MUGS 614
MUGS 615
MUGS 635
MUGS 636
MUGS 636D1
MUGS 636D2
MUGS 675
MUGS 675D1
MUGS 675D2
MUGS 683
MUGS 684
MUGS 685
MUGS 686
MUGS 687
MUGS 694
MUGS 695
MUGS 701
MUGS 701D1
MUGS 701D2
MUGS 702
MUGS 702D1
MUGS 702D2
MUGS 705
MUGS 705D1
MUGS 705D2
MUGS 711
MUGS 712
MUGT 201
MUGT 205
MUGT 215
MUGT 305
MUGT 350
MUGT 354
MUGT 355
MUGT 358
MUGT 401
MUGT 405
MUGT 475
MUGT 501
MUGT 563
MUGT 564
MUGT 565
MUGT 610
MUGT 611
MUGT 612
MUGT 613
MUHL 186
MUHL 211
MUHL 250
MUHL 274
MUHL 282
MUHL 284
MUHL 285
MUHL 286
MUHL 287
MUHL 289
MUHL 292
MUHL 293
MUHL 299
MUHL 314
MUHL 330
MUHL 362
MUHL 366
MUHL 370
MUHL 375
MUHL 376
MUHL 377
MUHL 380
MUHL 381
MUHL 382
MUHL 383
MUHL 384
MUHL 385
MUHL 387
MUHL 388
MUHL 389
MUHL 390
MUHL 391
MUHL 392
MUHL 393
MUHL 396
MUHL 475
MUHL 529
MUHL 591D1
MUHL 591D2
MUHL 592
MUHL 680
MUHL 681
MUHL 682
MUHL 683
MUHL 684
MUHL 685
MUIN 110
MUIN 111
MUIN 180
MUIN 181
MUIN 210
MUIN 211
MUIN 222
MUIN 232
MUIN 250
MUIN 251
MUIN 252
MUIN 269
MUIN 270
MUIN 271
MUIN 272
MUIN 273
MUIN 274
MUIN 275
MUIN 276
MUIN 280
MUIN 281
MUIN 282
MUIN 283
MUIN 300
MUIN 301
MUIN 302
MUIN 303
MUIN 304
MUIN 305
MUIN 322
MUIN 332
MUIN 333
MUIN 342
MUIN 350
MUIN 351
MUIN 352
MUIN 369
MUIN 380
MUIN 381
MUIN 382
MUIN 384
MUIN 400
MUIN 401
MUIN 432
MUIN 433
MUIN 442
MUIN 450
MUIN 451
MUIN 452
MUIN 452D1
MUIN 452D2
MUIN 462
MUIN 469
MUIN 480
MUIN 481
MUIN 482
MUIN 500
MUIN 560
MUIN 561
MUIN 562
MUIN 569
MUIN 601
MUIN 610
MUIN 611
MUIN 612
MUIN 620
MUIN 621
MUIN 622
MUIN 622D1
MUIN 622D2
MUIN 623
MUIN 624
MUIN 626
MUIN 627
MUIN 628
MUIN 628D1
MUIN 628D2
MUIN 630
MUIN 631
MUIN 632
MUIN 633
MUIN 634
MUIN 635
MUIN 637
MUIN 638
MUIN 700
MUIN 701
MUIN 702
MUIN 703
MUIN 715
MUIN 716
MUIN 720
MUIN 721
MUIN 722
MUIN 723
MUIN 724
MUIN 725
MUIN 726
MUIN 730
MUIN 731
MUIN 732
MUIN 733
MUIN 734
MUIT 201
MUIT 202
MUIT 203
MUIT 204
MUIT 250
MUIT 302
MUIT 315
MUIT 356
MUJZ 160
MUJZ 161
MUJZ 170
MUJZ 171
MUJZ 172
MUJZ 187
MUJZ 213
MUJZ 214
MUJZ 223
MUJZ 224
MUJZ 225
MUJZ 226
MUJZ 260
MUJZ 261
MUJZ 262
MUJZ 323
MUJZ 325
MUJZ 326
MUJZ 340
MUJZ 341
MUJZ 423
MUJZ 424
MUJZ 425
MUJZ 426
MUJZ 440
MUJZ 441
MUJZ 461D1
MUJZ 461D2
MUJZ 493
MUJZ 601
MUJZ 640
MUJZ 641
MUJZ 644
MUJZ 645
MUMT 202
MUMT 203
MUMT 250
MUMT 301
MUMT 302
MUMT 306
MUMT 307
MUMT 501
MUMT 502
MUMT 605
MUMT 609
MUMT 616
MUMT 617
MUMT 618
MUMT 619
MUMT 620
MUMT 621
MUMT 622
MUPD 135
MUPD 145
MUPD 200
MUPD 201
MUPD 204
MUPD 205
MUPD 235
MUPD 245
MUPD 350
MUPD 473
MUPD 474
MUPD 475
MUPD 499
MUPD 560
MUPD 580
MUPD 650
MUPG 209
MUPG 210
MUPG 211
MUPG 212
MUPG 213
MUPG 229
MUPG 272D1
MUPG 272D2
MUPG 296
MUPG 297
MUPG 300
MUPG 309
MUPG 315D1
MUPG 315D2
MUPG 316D1
MUPG 316D2
MUPG 325
MUPG 326
MUPG 328
MUPG 329
MUPG 331
MUPG 336
MUPG 350
MUPG 353
MUPG 356
MUPG 357
MUPG 372D1
MUPG 372D2
MUPG 380
MUPG 410
MUPG 411
MUPG 412
MUPG 413
MUPG 414
MUPG 415
MUPG 416
MUPG 425
MUPG 429
MUPG 431
MUPG 435
MUPG 453
MUPG 473
MUPG 474
MUPG 475
MUPG 541
MUPG 542
MUPG 563
MUPG 564
MUPG 565
MUPG 571
MUPG 572D1
MUPG 572D2
MUPG 575D1
MUPG 575D2
MUPG 580
MUPG 590
MUPG 600
MUPG 600D1
MUPG 600D2
MUPG 601
MUPG 601D1
MUPG 601D2
MUPG 602
MUPG 603
MUPG 604
MUPG 606
MUPG 607
MUPG 607D1
MUPG 607D2
MUPG 608
MUPG 609
MUPG 609D1
MUPG 609D2
MUPG 610
MUPG 610D1
MUPG 610D2
MUPG 614
MUPG 634
MUPG 635
MUPG 640
MUPG 641
MUPG 642
MUPG 642D1
MUPG 642D2
MUPG 643
MUPG 644
MUPG 645
MUPG 648
MUPG 651
MUPG 651D1
MUPG 651D2
MUPG 652
MUPG 653
MUPG 653D1
MUPG 653D2
MUPG 654
MUPG 659
MUPG 659D1
MUPG 659D2
MUPG 670
MUPG 670D1
MUPG 670D2
MUPG 671
MUPG 671D1
MUPG 671D2
MUPG 673
MUPG 674
MUPG 675
MUPG 675D1
MUPG 675D2
MUPG 676
MUPG 676D1
MUPG 676D2
MUPG 677
MUPG 678
MUPG 681
MUPG 682
MUPG 683
MUPG 684
MUPG 687
MUPG 688
MUPG 689
MUPG 691
MUPG 695
MUPG 750
MUPG 751
MUPG 752
MUPG 752D1
MUPG 752D2
MUPG 753
MUPG 754
MUPG 760
MUPG 767
MUPG 770
MUPG 771
MUPP 381
MUPP 690
MUPP 691
MUPP 692
MUPP 693
MUPP 694
MUPP 695
MURG 473
MURG 474
MUSP 123
MUSP 124
MUSP 140
MUSP 141
MUSP 170
MUSP 171
MUSP 240
MUSP 241
MUSP 324
MUSP 346
MUSP 353
MUSP 354
MUSP 355
MUSP 361
MUSP 363
MUSP 381
MUSP 446
MUSP 447
MUSP 500D1
MUSP 500D2
MUSR 200
MUSR 201
MUSR 232
MUSR 300D1
MUSR 300D2
MUSR 339
MUSR 629D1
MUSR 629D2
MUSR 631D1
MUSR 631D2
MUSR 667
MUSR 668
MUSR 669
MUSR 669D1
MUSR 669D2
MUSR 670D1
MUSR 670D2
MUSR 671D1
MUSR 671D2
MUSR 672D1
MUSR 672D2
MUSR 677D1
MUSR 677D2
MUSR 678
MUSR 690
MUSR 691
MUSR 692
MUSR 693
MUSR 695
MUTH 100
MUTH 101
MUTH 150
MUTH 151
MUTH 202
MUTH 204
MUTH 250
MUTH 251
MUTH 302
MUTH 304
MUTH 321
MUTH 322
MUTH 350
MUTH 426
MUTH 475
MUTH 526
MUTH 528
MUTH 529
MUTH 538
MUTH 539
MUTH 541
MUTH 602
MUTH 604
MUTH 652
MUTH 653
MUTH 654
MUTH 655
MUTH 656
MUTH 657
MUTH 658
MUTH 659
MUTH 710
MUTH 711
NEUR 301
NEUR 310
NEUR 502
NEUR 503
NEUR 507
NEUR 560
NEUR 602
NEUR 605
NEUR 606
NEUR 608
NEUR 610
NEUR 630
NEUR 631
NEUR 696
NEUR 696D1
NEUR 696D2
NEUR 696N1
NEUR 696N2
NEUR 697
NEUR 697D1
NEUR 697D2
NEUR 697N1
NEUR 697N2
NEUR 698
NEUR 698D1
NEUR 698D2
NEUR 698N1
NEUR 698N2
NEUR 699
NEUR 699D1
NEUR 699D2
NEUR 699N1
NEUR 699N2
NEUR 700
NEUR 700D1
NEUR 700D2
NEUR 705
NEUR 710
NRSC 221
NRSC 333
NRSC 451
NRSC 612
NRSC 614
NRSC 643
NRSC 644
NRSC 651
NRSC 670
NRSC 671
NRSC 680
NRSC 684
NRSC 685
NRSC 691
NRSC 692
NRSC 693
NRSC 694
NRSC 701
NRSC 751
NRSC 752
NRSC 753
NRSC 754
NSCI 200
NSCI 201
NSCI 300
NSCI 396
NSCI 400D1
NSCI 400D2
NSCI 400N1
NSCI 400N2
NSCI 410
NSCI 410D1
NSCI 410D2
NSCI 420
NSCI 420D1
NSCI 420D2
NSCI 420N1
NSCI 420N2
NSCI 430D1
NSCI 430D2
NUR1 209
NUR1 210
NUR1 221
NUR1 222
NUR1 224
NUR1 225
NUR1 230
NUR1 231
NUR1 233
NUR1 234
NUR1 235
NUR1 236
NUR1 300
NUR1 301
NUR1 311
NUR1 312
NUR1 318
NUR1 320
NUR1 322
NUR1 323
NUR1 324
NUR1 325
NUR1 326
NUR1 327
NUR1 329
NUR1 331
NUR1 332
NUR1 333
NUR1 335
NUR1 336
NUR1 338
NUR1 339
NUR1 421
NUR1 423
NUR1 424
NUR1 428
NUR1 431
NUR1 432
NUR1 434
NUR1 435
NUR1 529
NUR1 530
NUR1 531
NUR1 548
NUR2 209
NUR2 210
NUR2 500
NUR2 501
NUR2 510
NUR2 511
NUR2 512
NUR2 513
NUR2 514
NUR2 515
NUR2 516
NUR2 517
NUR2 518
NUR2 519
NUR2 521
NUR2 533
NUR2 534
NUR2 535
NUR2 590
NUR2 591
NUR2 600
NUR2 601
NUR2 602
NUR2 603
NUR2 605
NUR2 606
NUR2 607
NUR2 608
NUR2 609
NUR2 610
NUR2 611
NUR2 612
NUR2 616
NUR2 617
NUR2 618
NUR2 619
NUR2 621
NUR2 622
NUR2 623
NUR2 626
NUR2 629
NUR2 630
NUR2 631
NUR2 632
NUR2 634
NUR2 635
NUR2 636
NUR2 637
NUR2 638
NUR2 640
NUR2 642
NUR2 643
NUR2 644
NUR2 646
NUR2 649
NUR2 650
NUR2 651
NUR2 652
NUR2 660
NUR2 661
NUR2 662
NUR2 663
NUR2 664
NUR2 666
NUR2 667
NUR2 668
NUR2 670
NUR2 671
NUR2 672
NUR2 673
NUR2 674
NUR2 675
NUR2 676
NUR2 684
NUR2 685
NUR2 686
NUR2 701
NUR2 702
NUR2 703
NUR2 706
NUR2 711
NUR2 712
NUR2 713
NUR2 730
NUR2 783
NUR3 624
NUR3 628
NUR3 643
NUR3 644
NUR3 645
NUR3 646
NUR3 647
NUR3 648
NUR3 649
NUR3 652
NUR3 653
NUR3 654
NUR3 655
NUR3 656
NUR3 657
NUR3 658
NUR3 659
NUR3 665
NUR3 667
NUR3 668
NUR3 669
NUR3 670
NUR3 671
NUR3 672
NUR3 673
NUR3 674
NUR3 675
NUR3 676
NUR3 677
NUR3 678
NUR3 680
NUR3 681
NUR3 682
NUR3 683
NUR3 684
NUR3 685
NUR3 686
NUR3 687
NUR3 689
NUR3 690
NUR3 691
NUR3 692
NUR3 693
NUR3 694
NUR3 699
NUTR 207
NUTR 208
NUTR 209
NUTR 214
NUTR 217
NUTR 301
NUTR 307
NUTR 310
NUTR 311
NUTR 322
NUTR 337
NUTR 341
NUTR 342
NUTR 343
NUTR 344
NUTR 345
NUTR 346
NUTR 401
NUTR 408
NUTR 409
NUTR 430
NUTR 431
NUTR 431D1
NUTR 431D2
NUTR 432
NUTR 433
NUTR 438
NUTR 450
NUTR 480
NUTR 491
NUTR 492
NUTR 493
NUTR 494
NUTR 497
NUTR 500
NUTR 501
NUTR 502
NUTR 503
NUTR 505
NUTR 506
NUTR 507
NUTR 508
NUTR 509
NUTR 511
NUTR 512
NUTR 515
NUTR 537
NUTR 545
NUTR 546
NUTR 551
NUTR 603
NUTR 606
NUTR 607
NUTR 608
NUTR 609
NUTR 610
NUTR 611
NUTR 612
NUTR 613
NUTR 614
NUTR 615
NUTR 618
NUTR 625
NUTR 626
NUTR 629
NUTR 629D1
NUTR 629D2
NUTR 641
NUTR 651
NUTR 652
NUTR 653
NUTR 654
NUTR 655
NUTR 656
NUTR 657
NUTR 658
NUTR 659
NUTR 660
NUTR 680
NUTR 681
NUTR 682
NUTR 682D1
NUTR 682D2
NUTR 683
NUTR 695
NUTR 696
NUTR 697
NUTR 701
NUTR 796
OBGY 401
OCC1 245
OCC1 443
OCC1 450
OCC1 500D1
OCC1 500D2
OCC1 501
OCC1 502
OCC1 503
OCC1 545
OCC1 547
OCC1 548
OCC1 549
OCC1 550
OCC1 551
OCC1 600J1
OCC1 600J2
OCC1 600J3
OCC1 602
OCC1 617
OCC1 618
OCC1 620
OCC1 622
OCC1 623
OCC1 625
OCC1 626
OCCH 600
OCCH 602
OCCH 603
OCCH 604
OCCH 605
OCCH 608
OCCH 612
OCCH 615
OCCH 616
OCCH 617
OCCH 624
OCCH 625
OCCH 626
OCCH 627
OCCH 630
OCCH 635
OCCH 699
OCCH 699D1
OCCH 699D2
OCCH 699N1
OCCH 699N2
OCCH 700
OCCH 706
ONCO 610D1
ONCO 610D2
ONCO 610N1
ONCO 610N2
ONCO 611
ONCO 615
ONCO 620
ONCO 625
ONCO 630
ONCO 635
ONCO 645
OPTH 300
ORGB 321
ORGB 325
ORGB 330
ORGB 380
ORGB 401
ORGB 420
ORGB 421
ORGB 423
ORGB 434
ORGB 436
ORGB 440
ORGB 509
ORGB 525
ORGB 625
ORGB 632
ORGB 633
ORGB 634
ORGB 635
ORGB 640
ORGB 643
ORGB 643D1
ORGB 643D2
ORGB 644
ORGB 644D1
ORGB 644D2
ORGB 645
ORGB 660
ORGB 661
ORGB 671
ORGB 672
ORGB 680
ORGB 685
ORGB 685D1
ORGB 685D2
ORGB 690
ORGB 691
ORGB 692
ORGB 695
ORGB 705
ORGB 706
ORGB 707
ORGB 708
OTOL 602
OTOL 603
OTOL 612
OTOL 613
OTOL 690
OTOL 691
OTOL 692
OTOL 693
OTOL 694
PAED 301
PAED 401
PAED 401D1
PAED 401D2
PARA 410
PARA 424
PARA 438
PARA 515
PARA 606
PARA 607
PARA 635
PARA 645
PARA 655
PARA 665
PARA 678
PARA 687
PARA 688
PARA 689
PARA 690
PARA 691
PARA 701
PARA 710
PARA 711
PATH 300
PATH 396
PATH 504
PATH 607
PATH 613
PATH 614
PATH 620
PATH 622
PATH 652
PATH 653
PATH 690
PATH 691
PATH 692
PATH 701
PDOC PDMF
PDOC PDOC
PHAR 200
PHAR 201
PHAR 300
PHAR 301
PHAR 303
PHAR 390
PHAR 396
PHAR 397
PHAR 503
PHAR 504
PHAR 505
PHAR 508
PHAR 510
PHAR 522D1
PHAR 522D2
PHAR 524
PHAR 540
PHAR 562
PHAR 563
PHAR 565
PHAR 590
PHAR 598
PHAR 598D1
PHAR 598D2
PHAR 599
PHAR 599D1
PHAR 599D2
PHAR 601D1
PHAR 601D2
PHAR 601N1
PHAR 601N2
PHAR 602
PHAR 609
PHAR 610
PHAR 670
PHAR 671
PHAR 696
PHAR 697
PHAR 698
PHAR 699
PHAR 701
PHAR 702
PHAR 703
PHAR 704
PHAR 705
PHAR 706
PHAR 707
PHAR 712
PHGY 200
PHGY 209
PHGY 210
PHGY 212
PHGY 213
PHGY 311
PHGY 312
PHGY 313
PHGY 314
PHGY 351
PHGY 359D1
PHGY 359D2
PHGY 396
PHGY 419D1
PHGY 419D2
PHGY 425
PHGY 451
PHGY 459D1
PHGY 459D2
PHGY 461D1
PHGY 461D2
PHGY 488
PHGY 499
PHGY 502
PHGY 508
PHGY 513
PHGY 515
PHGY 516
PHGY 518
PHGY 520
PHGY 524
PHGY 525
PHGY 531
PHGY 550
PHGY 552
PHGY 556
PHGY 560
PHGY 601
PHGY 602
PHGY 603
PHGY 604
PHGY 607
PHGY 608
PHGY 620
PHGY 621
PHGY 622
PHGY 623
PHGY 701
PHGY 703
PHGY 704
PHGY 720
PHGY 721
PHGY 722
PHGY 723
PHGY 724
PHGY 725
PHIL 197
PHIL 198
PHIL 199
PHIL 200
PHIL 201
PHIL 202
PHIL 203
PHIL 210
PHIL 221
PHIL 230
PHIL 237
PHIL 240
PHIL 242
PHIL 301
PHIL 306
PHIL 310
PHIL 311
PHIL 327
PHIL 334
PHIL 336
PHIL 341
PHIL 343
PHIL 344
PHIL 345
PHIL 348
PHIL 349
PHIL 350
PHIL 353
PHIL 354
PHIL 355
PHIL 356
PHIL 360
PHIL 361
PHIL 366
PHIL 367
PHIL 375
PHIL 397
PHIL 398
PHIL 411
PHIL 415
PHIL 419
PHIL 421
PHIL 427
PHIL 434
PHIL 436
PHIL 441
PHIL 442
PHIL 444
PHIL 445
PHIL 446
PHIL 450
PHIL 452
PHIL 453
PHIL 454
PHIL 460
PHIL 470
PHIL 474
PHIL 475
PHIL 480
PHIL 481
PHIL 497
PHIL 497N1
PHIL 497N2
PHIL 498
PHIL 498N1
PHIL 498N2
PHIL 499
PHIL 499D1
PHIL 499D2
PHIL 499N1
PHIL 499N2
PHIL 598
PHIL 606
PHIL 607
PHIL 610
PHIL 611
PHIL 615
PHIL 619
PHIL 621
PHIL 624
PHIL 627
PHIL 634
PHIL 635
PHIL 636
PHIL 641
PHIL 642
PHIL 643
PHIL 644
PHIL 648
PHIL 650
PHIL 651
PHIL 656
PHIL 660
PHIL 661
PHIL 670
PHIL 675
PHIL 680
PHIL 682
PHIL 685
PHIL 701
PHIL 703
PHIL 704
PHIL 705
PHIL 706
PHIL 711
PHIL 720
PHIL 721
PHIL 731
PHIL 741
PHIL 760
PHIL 761
PHIL 770
PHIL 771
PHIL 780
PHIL 781
PHTH 245
PHTH 301
PHTH 301D1
PHTH 301D2
PHTH 440
PHTH 450
PHTH 460
PHTH 482
PHTH 505D1
PHTH 505D2
PHTH 550
PHTH 551
PHTH 554
PHTH 560
PHTH 561
PHTH 564
PHTH 571
PHTH 572
PHTH 573
PHTH 606
PHTH 620
PHTH 622
PHTH 623
PHTH 633
PHTH 645
PHTH 652
PHTH 661
PHTH 662
PHWR 300
PHWR 301
PHWR 400
PHWR 401
PHWR 402
PHWR 500D1
PHWR 500D2
PHYS 101
PHYS 102
PHYS 107
PHYS 108
PHYS 117
PHYS 118
PHYS 131
PHYS 142
PHYS 180
PHYS 181
PHYS 182
PHYS 183
PHYS 186
PHYS 224
PHYS 228
PHYS 230
PHYS 232
PHYS 241
PHYS 242
PHYS 251
PHYS 253
PHYS 257
PHYS 258
PHYS 260
PHYS 319
PHYS 320
PHYS 321
PHYS 328
PHYS 329
PHYS 331
PHYS 333
PHYS 339
PHYS 340
PHYS 342
PHYS 346
PHYS 350
PHYS 351
PHYS 352
PHYS 357
PHYS 359
PHYS 362
PHYS 396
PHYS 404
PHYS 432
PHYS 434
PHYS 447
PHYS 449
PHYS 457
PHYS 459D1
PHYS 459D2
PHYS 469
PHYS 478
PHYS 479
PHYS 489
PHYS 512
PHYS 514
PHYS 519
PHYS 521
PHYS 534
PHYS 551
PHYS 557
PHYS 558
PHYS 559
PHYS 562
PHYS 567
PHYS 601
PHYS 602
PHYS 606
PHYS 607
PHYS 610
PHYS 620
PHYS 632
PHYS 633
PHYS 641
PHYS 642
PHYS 643
PHYS 644
PHYS 645
PHYS 657
PHYS 658
PHYS 659
PHYS 660
PHYS 673
PHYS 690
PHYS 690D1
PHYS 690D2
PHYS 691
PHYS 692
PHYS 692D1
PHYS 692D2
PHYS 693
PHYS 700
PHYS 717
PHYS 718
PHYS 719
PHYS 729
PHYS 730
PHYS 731
PHYS 741
PHYS 743
PHYS 744
PHYS 745
PLNT 200
PLNT 221
PLNT 302
PLNT 304
PLNT 305
PLNT 307
PLNT 310
PLNT 312
PLNT 316
PLNT 322
PLNT 353
PLNT 358
PLNT 426
PLNT 430
PLNT 434
PLNT 435
PLNT 460
PLNT 470
PLNT 471
PLNT 472
PLNT 473
PLNT 474
PLNT 602
PLNT 619
PLNT 622
PLNT 635
PLNT 646
PLNT 662
PLNT 664
PLNT 665
PLNT 666
PLNT 667
PLNT 670
PLNT 690
PLNT 691
PLNT 701
POLI 200
POLI 210
POLI 212
POLI 221
POLI 222
POLI 226
POLI 227
POLI 231
POLI 243
POLI 244
POLI 245
POLI 311
POLI 312
POLI 313
POLI 316
POLI 317
POLI 318
POLI 319
POLI 320
POLI 321
POLI 322
POLI 324
POLI 325
POLI 328
POLI 329
POLI 330
POLI 331
POLI 333
POLI 334
POLI 336
POLI 338
POLI 339
POLI 340
POLI 341
POLI 342
POLI 345
POLI 346
POLI 347
POLI 348
POLI 349
POLI 350
POLI 351
POLI 352
POLI 353
POLI 354
POLI 355
POLI 357
POLI 358
POLI 359
POLI 360
POLI 361
POLI 362
POLI 363
POLI 364
POLI 365
POLI 366
POLI 367
POLI 368
POLI 369
POLI 371
POLI 372
POLI 379
POLI 380
POLI 381
POLI 410
POLI 412
POLI 417
POLI 420
POLI 421
POLI 422
POLI 423
POLI 424
POLI 426
POLI 427
POLI 430
POLI 431
POLI 432
POLI 433
POLI 434
POLI 435
POLI 436
POLI 441
POLI 442
POLI 443
POLI 444
POLI 445
POLI 446
POLI 447
POLI 448
POLI 449
POLI 450
POLI 451
POLI 452
POLI 458
POLI 459
POLI 470
POLI 473
POLI 476
POLI 490
POLI 499
POLI 521
POLI 522
POLI 524
POLI 561
POLI 575
POLI 599
POLI 610
POLI 611
POLI 612
POLI 613
POLI 614
POLI 615
POLI 616
POLI 617
POLI 618
POLI 619
POLI 621
POLI 622
POLI 623
POLI 626
POLI 628
POLI 629
POLI 630
POLI 631
POLI 632
POLI 633
POLI 636
POLI 639
POLI 640
POLI 641
POLI 642
POLI 643
POLI 645
POLI 646
POLI 648
POLI 650
POLI 659
POLI 660
POLI 661
POLI 666
POLI 670
POLI 671
POLI 672
POLI 676
POLI 678
POLI 679
POLI 680
POLI 688
POLI 690
POLI 690D2
POLI 691
POLI 693
POLI 694
POLI 695
POLI 696
POLI 697
POLI 698
POLI 698D1
POLI 698D2
POLI 699
POLI 699D1
POLI 699D2
POLI 700
POLI 701
POLI 702
POLI 799
POTH 204
POTH 225
POTH 250
POTH 305
POTH 401
POTH 434
POTH 446
POTH 455
POTH 508
POTH 563
POTH 602
POTH 603
POTH 604
POTH 609
POTH 610
POTH 611
POTH 612
POTH 614
POTH 616
POTH 617
POTH 618
POTH 619
POTH 620
POTH 624
POTH 625D1
POTH 625D2
POTH 627
POTH 628
POTH 630
POTH 631
POTH 632
POTH 634
POTH 635
POTH 636
POTH 637
POTH 638
POTH 639
POTH 640
POTH 661
POTH 662
POTH 663
POTH 664
POTH 665
POTH 666
POTH 673
POTH 674
POTH 675
POTH 676
POTH 677
POTH 680
POTH 682
POTH 684
POTH 685
POTH 686
POTH 696
POTH 697
POTH 697D1
POTH 697D2
POTH 698
POTH 698D1
POTH 698D2
POTH 699
POTH 699D1
POTH 699D2
POTH 701
PPHS 501
PPHS 511
PPHS 525
PPHS 527
PPHS 528
PPHS 529
PPHS 593
PPHS 602
PPHS 612
PPHS 613
PPHS 614
PPHS 615
PPHS 616
PPHS 617
PPHS 618
PPHS 619
PPHS 624
PPHS 630
PPHS 681
PPHS 682
PPHS 683
PPHS 684
PPHS 699
PPOL 199
PPOL 600
PPOL 601
PPOL 602
PPOL 603
PPOL 604
PPOL 605
PPOL 606
PPOL 607
PPOL 608
PPOL 609
PPOL 610
PPOL 611
PPOL 612
PPOL 613
PPOL 614
PPOL 615
PPOL 616
PPOL 617
PPOL 618
PPOL 619
PPOL 620D1
PPOL 620D2
PPOL 631
PPOL 632
PPOL 633
PPOL 634
PPOL 635
PPOL 636
PPOL 637
PPOL 638
PPOL 640
PPOL 641
PPOL 642
PPOL 643
PPOL 644
PPOL 645
PPOL 646
PPOL 647
PPOL 648
PPOL 649
PPOL 650
PPOL 651
PPOL 652
PPOL 653
PRAC 200
PRAC 510
PRAC 510D1
PRAC 510D2
PROC 124
PROC 200
PROC 459
PRV1 549
PRV2 270
PRV2 500
PRV3 200
PRV3 534
PRV4 500
PRV4 545
PRV4 548
PRV4 549
PRV4 549D1
PRV4 549D2
PRV5 483
PRV5 582
PSYC 100
PSYC 204
PSYC 211
PSYC 212
PSYC 213
PSYC 215
PSYC 301
PSYC 302
PSYC 303
PSYC 304
PSYC 305
PSYC 306
PSYC 309
PSYC 310
PSYC 311
PSYC 315
PSYC 317
PSYC 318
PSYC 319
PSYC 328
PSYC 329
PSYC 331
PSYC 332
PSYC 333
PSYC 337
PSYC 339
PSYC 340
PSYC 341
PSYC 342
PSYC 349D1
PSYC 349D2
PSYC 351
PSYC 352
PSYC 353
PSYC 354
PSYC 380D1
PSYC 380D2
PSYC 385
PSYC 395
PSYC 396
PSYC 403
PSYC 406
PSYC 408
PSYC 409
PSYC 410
PSYC 411
PSYC 412
PSYC 413
PSYC 414
PSYC 415
PSYC 427
PSYC 433
PSYC 436
PSYC 439
PSYC 443
PSYC 444
PSYC 450D1
PSYC 450D2
PSYC 470
PSYC 471
PSYC 473
PSYC 474
PSYC 475
PSYC 482
PSYC 483
PSYC 484D1
PSYC 484D2
PSYC 484N1
PSYC 484N2
PSYC 485
PSYC 486
PSYC 487
PSYC 488D1
PSYC 488D2
PSYC 491D1
PSYC 491D2
PSYC 492
PSYC 493
PSYC 494D1
PSYC 494D2
PSYC 494N1
PSYC 494N2
PSYC 495
PSYC 496
PSYC 497
PSYC 498D1
PSYC 498D2
PSYC 499
PSYC 502
PSYC 506
PSYC 507
PSYC 509
PSYC 512
PSYC 513
PSYC 514
PSYC 522
PSYC 526
PSYC 528
PSYC 529
PSYC 530
PSYC 531
PSYC 535
PSYC 537
PSYC 538
PSYC 539
PSYC 541
PSYC 545
PSYC 560
PSYC 562
PSYC 601
PSYC 601D1
PSYC 601D2
PSYC 615D1
PSYC 615D2
PSYC 617D1
PSYC 617D2
PSYC 620D1
PSYC 620D2
PSYC 622D1
PSYC 622D2
PSYC 625
PSYC 625D1
PSYC 625D2
PSYC 630
PSYC 641
PSYC 642
PSYC 650
PSYC 651
PSYC 660
PSYC 660D1
PSYC 660D2
PSYC 690
PSYC 690D1
PSYC 690D2
PSYC 690N1
PSYC 699
PSYC 701
PSYC 701D1
PSYC 701D2
PSYC 706
PSYC 706D1
PSYC 706D2
PSYC 706J1
PSYC 706J2
PSYC 706J3
PSYC 707
PSYC 707D1
PSYC 707D2
PSYC 707J1
PSYC 707J2
PSYC 707J3
PSYC 708
PSYC 708D1
PSYC 708D2
PSYC 708J1
PSYC 708J2
PSYC 708J3
PSYC 709
PSYC 712
PSYC 715
PSYC 722
PSYC 723
PSYC 724
PSYC 725
PSYC 727
PSYC 728
PSYC 729
PSYC 730
PSYC 732
PSYC 732D1
PSYC 732D2
PSYC 733
PSYC 733D1
PSYC 733D2
PSYC 734
PSYC 735
PSYC 736
PSYC 740
PSYC 741
PSYC 742
PSYC 744
PSYC 746
PSYC 747
PSYC 748
PSYC 749
PSYC 750
PSYC 752D1
PSYC 752D2
PSYC 753
PSYC 754D1
PSYC 754D2
PSYC 780
PSYC 781
PSYC 782
PSYC 797
PSYC 798
PSYT 199
PSYT 301
PSYT 400D1
PSYT 400D2
PSYT 401
PSYT 401D1
PSYT 401D2
PSYT 500
PSYT 515
PSYT 522
PSYT 600
PSYT 605
PSYT 606
PSYT 620
PSYT 625
PSYT 630
PSYT 633
PSYT 640
PSYT 682
PSYT 691
PSYT 692
PSYT 693
PSYT 696
PSYT 701
PSYT 711
PSYT 713
PUB2 101D1
PUB2 101D2
PUB2 105
PUB2 313
PUB2 400
PUB2 401
PUB2 420
PUB2 422
PUB2 500
PUB2 501
PUB2 502
PUB2 503
PUB2 504
PUB2 505
PUB2 506
PUB2 507
PUB2 515
PUB2 517
PUB2 551
PUB3 116
QCST 200
QCST 300
QCST 440
QLSC 600D1
QLSC 600D2
QLSC 601D1
QLSC 601D2
QLSC 601N1
QLSC 601N2
QLSC 602D1
QLSC 602D2
QLSC 602N1
QLSC 602N2
QLSC 603D1
QLSC 603D2
QLSC 603N1
QLSC 603N2
QLSC 611
QLSC 612
QLSC 701
RADD 301
REDM 396
REDM 399
REDM 400
REDM 405
REDM 410
REDM 511
REDM 610
REDM 710
REGN COTF
REGN COTU
REGN DDPS
REGN GLEN
REGN RCAE
REGN RCDE
REGN RCED
REGN RCGR
REGN RCLW
REGN RCMD
REGN RCPO
REGN STOR
REGN WDAG
REGN WDAR
REGN WDAS
REGN WDED
REGN WDEN
REGN WDGQ
REGN WDGR
REGN WDLW
REGN WDMD
REGN WDMG
REGN WDMU
REGN WDNU
REGN WDPO
REGN WDRS
REGN WDSC
RELG 201
RELG 202
RELG 203
RELG 204
RELG 205
RELG 207
RELG 210
RELG 211
RELG 212
RELG 222
RELG 252
RELG 253
RELG 254
RELG 257
RELG 257D1
RELG 257D2
RELG 264
RELG 265
RELG 266
RELG 267
RELG 269
RELG 270
RELG 271
RELG 279
RELG 288
RELG 300
RELG 302
RELG 303
RELG 307
RELG 308
RELG 309
RELG 310
RELG 311
RELG 312
RELG 313
RELG 315
RELG 315AA
RELG 316
RELG 317
RELG 318
RELG 319
RELG 321
RELG 322
RELG 323
RELG 325
RELG 326
RELG 331
RELG 332
RELG 333
RELG 334
RELG 336
RELG 337
RELG 338
RELG 341
RELG 343
RELG 344
RELG 348
RELG 350
RELG 352
RELG 353
RELG 354
RELG 355
RELG 357D1
RELG 357D2
RELG 358
RELG 364
RELG 365
RELG 366
RELG 368
RELG 369
RELG 370
RELG 372
RELG 373
RELG 374
RELG 375
RELG 376
RELG 378
RELG 379
RELG 380
RELG 381
RELG 382
RELG 384
RELG 390
RELG 390D1
RELG 390D2
RELG 398
RELG 399
RELG 407
RELG 408
RELG 410
RELG 411
RELG 419
RELG 422
RELG 423
RELG 434
RELG 440
RELG 441
RELG 444
RELG 445
RELG 449
RELG 450
RELG 451
RELG 453
RELG 454
RELG 455
RELG 456
RELG 457D1
RELG 457D2
RELG 459
RELG 464
RELG 465
RELG 470
RELG 479
RELG 482
RELG 489
RELG 490
RELG 491
RELG 492
RELG 494
RELG 495
RELG 496
RELG 497
RELG 498
RELG 502
RELG 532
RELG 535
RELG 544
RELG 545
RELG 547
RELG 548
RELG 551
RELG 552
RELG 555
RELG 556
RELG 558
RELG 560
RELG 570
RELG 571
RELG 572
RELG 582
RELG 582AA
RELG 583
RELG 602
RELG 605
RELG 611
RELG 619
RELG 621
RELG 622
RELG 624
RELG 626
RELG 629
RELG 630
RELG 642
RELG 644
RELG 645
RELG 646
RELG 647
RELG 648
RELG 649
RELG 652
RELG 653
RELG 656
RELG 657D1
RELG 657D2
RELG 659
RELG 660
RELG 661
RELG 662
RELG 663
RELG 665
RELG 666
RELG 668
RELG 669
RELG 674
RELG 677
RELG 680
RELG 681
RELG 682
RELG 683
RELG 684
RELG 685
RELG 687
RELG 688
RELG 689
RELG 690
RELG 692
RELG 693
RELG 694
RELG 695
RELG 698
RELG 699
RELG 701
RELG 702
RELG 703
RELG 745
RELG 751
RETL 402
RETL 407
RETL 408
RETL 409
RETL 410
RETL 434
RETL 435
RETL 601
RETL 603
RETL 610
RETL 611
RETL 613
RETL 615
RETL 617
RETL 621
RETL 625
RETL 631
RETL 633
RETL 635
RETL 637
RETL 639
RETL 641
RETL 643
RETL 645
RETL 647
RETL 651
RETL 652
RETL 661
RETL 662
RETL 663
RETL 664
RUSS 210
RUSS 211
RUSS 213
RUSS 215
RUSS 217
RUSS 218
RUSS 223
RUSS 224
RUSS 229
RUSS 250
RUSS 301
RUSS 310
RUSS 311
RUSS 316
RUSS 327
RUSS 328
RUSS 330
RUSS 333
RUSS 337
RUSS 340
RUSS 347
RUSS 350
RUSS 357
RUSS 358
RUSS 365
RUSS 369
RUSS 381
RUSS 382
RUSS 385
RUSS 390
RUSS 395
RUSS 397
RUSS 398
RUSS 410
RUSS 411
RUSS 415
RUSS 427
RUSS 428
RUSS 430
RUSS 440
RUSS 452
RUSS 453
RUSS 475
RUSS 490
RUSS 491
RUSS 499
RUSS 500
RUSS 501
RUSS 620
RUSS 622
RUSS 623
RUSS 679
RUSS 682
RUSS 683
RUSS 691
RUSS 691D1
RUSS 691D2
RUSS 691N1
RUSS 691N2
RUSS 692
RUSS 700
RUSS 701
RUSS 702
RUSS 720
RUSS 721
RUSS 760
RUSS 770
SCSD 609
SCSD 611D1
SCSD 611D2
SCSD 612D1
SCSD 612D2
SCSD 613
SCSD 614
SCSD 616
SCSD 617
SCSD 618
SCSD 619
SCSD 624
SCSD 625
SCSD 626
SCSD 627
SCSD 628
SCSD 629
SCSD 630
SCSD 631
SCSD 632
SCSD 636
SCSD 637
SCSD 638
SCSD 639
SCSD 642
SCSD 643
SCSD 644
SCSD 646
SCSD 652
SCSD 653
SCSD 654
SCSD 655
SCSD 664
SCSD 666
SCSD 667
SCSD 669
SCSD 670
SCSD 671
SCSD 671D1
SCSD 671D2
SCSD 671N1
SCSD 671N2
SCSD 672
SCSD 672D1
SCSD 672D2
SCSD 672N1
SCSD 672N2
SCSD 673
SCSD 674
SCSD 675
SCSD 676
SCSD 677
SCSD 678
SCSD 679
SCSD 680
SCSD 681
SCSD 682
SCSD 683
SCSD 684
SCSD 685
SCSD 686
SCSD 687
SCSD 688
SCSD 689
SCSD 701
SCSD 701D1
SCSD 701D2
SCSD 712
SEAD 500
SEAD 510
SEAD 515
SEAD 520
SEAD 530
SEAD 540
SEAD 550
SEAD 560
SEAD 600
SEAD 602
SEAD 660
SEAD 670
SOCI 210
SOCI 211
SOCI 212
SOCI 213
SOCI 222
SOCI 225
SOCI 227
SOCI 230
SOCI 234
SOCI 235
SOCI 245
SOCI 247
SOCI 250
SOCI 254
SOCI 255
SOCI 270
SOCI 300
SOCI 301
SOCI 304
SOCI 305
SOCI 307
SOCI 309
SOCI 310
SOCI 312
SOCI 318
SOCI 320
SOCI 321
SOCI 322
SOCI 325
SOCI 326
SOCI 330
SOCI 331
SOCI 333
SOCI 335
SOCI 341
SOCI 342
SOCI 343
SOCI 345
SOCI 350
SOCI 354
SOCI 355
SOCI 365
SOCI 366
SOCI 370
SOCI 375
SOCI 385
SOCI 386
SOCI 388
SOCI 395
SOCI 400
SOCI 405
SOCI 410
SOCI 415
SOCI 420
SOCI 424
SOCI 430
SOCI 441
SOCI 442
SOCI 443
SOCI 445
SOCI 446
SOCI 455
SOCI 461
SOCI 470
SOCI 475
SOCI 477
SOCI 480
SOCI 484
SOCI 488
SOCI 489
SOCI 495
SOCI 499
SOCI 501
SOCI 502
SOCI 503
SOCI 504
SOCI 505
SOCI 506
SOCI 507
SOCI 514
SOCI 515
SOCI 519
SOCI 520
SOCI 525
SOCI 526
SOCI 530
SOCI 535
SOCI 538
SOCI 540
SOCI 545
SOCI 550
SOCI 571
SOCI 580
SOCI 588
SOCI 590
SOCI 595
SOCI 600
SOCI 601
SOCI 602
SOCI 603
SOCI 604
SOCI 620
SOCI 621
SOCI 622
SOCI 623
SOCI 624
SOCI 625D1
SOCI 625D2
SOCI 626
SOCI 631D1
SOCI 631D2
SOCI 652
SOCI 690
SOCI 691
SOCI 692
SOCI 693
SOCI 694
SOCI 695
SOCI 696
SOCI 697
SOCI 698
SOCI 699
SOCI 700
SOCI 701
SOCI 702
SOCI 703
SOCI 704
SOCI 705
SOCI 720
SOCI 730
SOIL 300
SOIL 315
SOIL 326
SOIL 331
SOIL 535
SURG 301
SURG 402
SURG 402D1
SURG 402D2
SWRK 219
SWRK 220
SWRK 221
SWRK 222
SWRK 224
SWRK 319
SWRK 320
SWRK 321
SWRK 322
SWRK 322D1
SWRK 322D2
SWRK 323
SWRK 323D1
SWRK 323D2
SWRK 326
SWRK 327
SWRK 342
SWRK 344
SWRK 353
SWRK 354
SWRK 400
SWRK 420
SWRK 421
SWRK 422
SWRK 423
SWRK 424
SWRK 428
SWRK 434
SWRK 445
SWRK 463
SWRK 471
SWRK 485
SWRK 486
SWRK 492
SWRK 493
SWRK 498
SWRK 510
SWRK 527
SWRK 532
SWRK 533
SWRK 535
SWRK 602
SWRK 603
SWRK 605
SWRK 606
SWRK 610
SWRK 620
SWRK 621
SWRK 622
SWRK 623
SWRK 624
SWRK 626
SWRK 628
SWRK 630
SWRK 631
SWRK 633
SWRK 635
SWRK 636
SWRK 641
SWRK 642
SWRK 643
SWRK 649
SWRK 650
SWRK 651
SWRK 653
SWRK 655
SWRK 657
SWRK 660
SWRK 664
SWRK 665
SWRK 668
SWRK 670
SWRK 690
SWRK 690D1
SWRK 690D2
SWRK 691
SWRK 691D1
SWRK 691D2
SWRK 698
SWRK 698D1
SWRK 698D2
SWRK 699
SWRK 699D1
SWRK 699D2
SWRK 701
SWRK 720
SWRK 721
SWRK 722
SWRK 723
SWRK 724
SWRK 725
SWRK 726
TRNS COMS
TRNS ENGR
TRNS GNST
TRNS HUMN
TRNS LANG
TRNS MASC
TRNS SOSC
UQAC 102
UQAC 104
UQAC 111
UQAC 112
UQAC 116
UQAC 120
UQAC 1200
UQAC 121
UQAC 125
UQAC 128
UQAC 130
UQAC 148
UQAC 152
UQAC 155
UQAC 201
UQAC 207
UQAC 244
UQAC 255
UQAC 317
UQAC 319
UQAC 320
UQAC 324
UQAC 328
UQAC 429
UQAC 583
UQSP 116
URBP 201
URBP 501
URBP 503
URBP 504
URBP 506
URBP 514
URBP 530
URBP 536
URBP 537
URBP 541
URBP 542
URBP 543
URBP 551
URBP 553
URBP 555
URBP 556
URBP 557
URBP 605
URBP 606D1
URBP 606D2
URBP 607
URBP 608
URBP 609
URBP 610
URBP 611
URBP 612
URBP 616
URBP 617
URBP 618
URBP 619
URBP 619D1
URBP 619D2
URBP 620
URBP 622
URBP 622D1
URBP 622D2
URBP 623
URBP 624
URBP 625
URBP 626
URBP 628
URBP 629
URBP 630
URBP 631
URBP 632
URBP 633
URBP 635
URBP 640
URBP 641
URBP 642
URBP 643
URBP 644
URBP 645
URBP 646
URBP 647
URBP 648
URBP 649
URBP 651
URBP 656
URBP 690
URBP 701
URBP 703
URBP 704
URBP 707
URBP 708D1
URBP 708D2
URBP 709
WCOM 150
WCOM 202
WCOM 203
WCOM 206
WCOM 225
WCOM 235
WCOM 245
WCOM 250
WCOM 255
WCOM 295
WCOM 300
WCOM 313
WCOM 314
WCOM 317
WCOM 323
WCOM 333
WCOM 371
WCOM 372
WCOM 414
WCOM 417
WCOM 550
WCOM 555
WCOM 624
WCOM 627
WCOM 635
WCOM 642
WCOM 645
WCOM 652
WCOM 655
WCOM 661
WCOM 662
WCOM 671
WCOM 672
WCOM 676
WCOM 690
WCOM 695
WILD 302
WILD 307
WILD 350
WILD 375
WILD 401
WILD 420
WILD 421
WILD 475
WMST 601
WMST 602
WMST 610
WMST 620
WOOD 441
WRIT 001D1
WRIT 001D2
WRIT 002D1
WRIT 002D2
WRIT 003D1
WRIT 003D2
WRIT 004
WRIT 004D1
WRIT 004D2
WRIT 005
WRIT 005D1
WRIT 005D2
WRIT 009D1
WRIT 009D2
WRIT 010D1
WRIT 010D2
WRIT 011D1
WRIT 011D2
WRIT 016D1
WRIT 016D2
WRIT 017D1
WRIT 017D2
WRIT 020
WRIT 021
WRIT 048
WRIT 048D1
WRIT 048D2
WRIT 300
WRIT 300D1
WRIT 300D2
WRIT 330D1
WRIT 330D2
WRIT 331D1
WRIT 331D2
WRIT 332D1
WRIT 332D2
WRIT 333
WRIT 333D1
WRIT 333D2
WRIT 334
WRIT 334D1
WRIT 334D2
WRIT 400
WRIT 400D1
WRIT 400D2
WRIT 433
WRIT 433D1
WRIT 433D2
WRIT 434
WRIT 435
WRIT 440
WRIT 440D1
WRIT 440D2
WRIT 441
WRIT 449D1
WRIT 449D2
WRIT 450
WRIT 451
WRIT 452
WRIT 452D1
WRIT 452D2
WRIT 491
WRIT 492
WRIT 493
WRIT 494
WRIT 495
WRIT 500D1
WRIT 500D2
WRIT 501D1
WRIT 501D2
WRIT 520
